"","ID","Intercept","umol.L.sec","Temp.C","Light_Dark"
"1","Egala_Bart_1_23C",208.763266790677,-0.00243551810920259,23.0886875,NA
"2","Egala_Bart_1_26C",206.775719574251,-0.00456910403149368,25.7539591836735,NA
"3","Egala_Bart_1_28C",205.285735883571,-0.00534789185239305,27.8197373737374,NA
"4","Egala_Bart_1_30C",196.609374487682,-0.00628367021276586,29.7049339622641,NA
"5","Egala_Bart_1_31C",183.329820736411,-0.00602015195791942,30.706850877193,NA
"6","Egala_Bart_1_32C",178.781376893149,-0.00696851250015796,31.9100588235294,NA
"7","Egala_Bart_1_33C",173.520487600357,-0.0131167492079113,32.7460291262136,NA
"8","Egala_Bart_1_34C",170.726996043838,-0.00755474229058821,33.7096605504587,NA
"9","Egala_Bart_1_36C",151.270080670384,-0.00665754498665891,35.52575,NA
"10","Egala_Bart_1_38C",141.95692958323,-0.00931339823652041,38.0152931034483,NA
"11","Egala_Bart_1_41C",121.772041583242,-0.00954018268176838,41.2128910891089,NA
"12","Egala_Bart_10_23C",220.083777109567,-0.0134470690403822,23.1456949152542,NA
"13","Egala_Bart_10_26C",215.518023262939,-0.0146140277929757,25.8043070175439,NA
"14","Egala_Bart_10_28C",210.910321890207,-0.0176178861094509,27.8506607142857,NA
"15","Egala_Bart_10_30C",210.546742793741,-0.0200884836415361,29.7521717171717,NA
"16","Egala_Bart_10_31C",188.743611707083,-0.0217063049219688,30.6454107142857,NA
"17","Egala_Bart_10_32C",184.823099364885,-0.0216766897034381,31.6367184466019,NA
"18","Egala_Bart_10_33C",175.114819629738,-0.0219561269468114,32.69675,NA
"19","Egala_Bart_10_34C",166.570459621678,-0.0230167291882832,33.7873211009174,NA
"20","Egala_Bart_10_36C",152.923869774474,-0.0199741261673339,35.65625,NA
"21","Egala_Bart_10_38C",145.581471007635,-0.0228719590173593,37.8466358381503,NA
"22","Egala_Bart_10_41C",120.576044818702,-0.0268725587521093,41.23206,NA
"23","Egala_Bart_3_23C",199.772827941176,-0.0109161764705883,23.0969047619048,NA
"24","Egala_Bart_3_26C",197.959831895594,-0.0126030914476121,25.8871734693878,NA
"25","Egala_Bart_3_28C",196.688009842738,-0.014339907493062,27.8291071428571,NA
"26","Egala_Bart_3_30C",189.230553645757,-0.0161392213756391,29.71515,NA
"27","Egala_Bart_3_31C",172.121251988743,-0.0161648405253281,30.6419137931034,NA
"28","Egala_Bart_3_32C",169.980277786857,-0.0184694109635683,31.9152745098039,NA
"29","Egala_Bart_3_33C",163.763761068385,-0.0169001032627961,32.7603883495146,NA
"30","Egala_Bart_3_34C",154.85658436016,-0.0181408818994759,33.6300733944954,NA
"31","Egala_Bart_3_36C",144.406013526842,-0.0158744672343577,35.5937894736842,NA
"32","Egala_Bart_3_38C",136.796374758036,-0.0166669738932775,38.0213693181818,NA
"33","Egala_Bart_3_41C",115.18831150925,-0.0171881888997079,40.9438613861386,NA
"34","Egala_Bart_4_23C",190.283885959184,-0.00463728571428547,23.0974761904762,NA
"35","Egala_Bart_4_26C",187.855461216583,-0.00579473776901123,25.8425102040816,NA
"36","Egala_Bart_4_28C",183.271185679265,-0.00586187946884579,27.8501785714286,NA
"37","Egala_Bart_4_30C",177.138273994611,-0.00823690161416222,29.71932,NA
"38","Egala_Bart_4_31C",166.272826472564,-0.00796518585413427,30.5879642857143,NA
"39","Egala_Bart_4_32C",162.098777381556,-0.00905939840649345,31.8862450980392,NA
"40","Egala_Bart_4_33C",155.532655127828,-0.00986796524075389,32.7002019230769,NA
"41","Egala_Bart_4_34C",147.210037956196,-0.00948749714971496,33.7425688073395,NA
"42","Egala_Bart_4_36C",136.424850274967,-0.00860502917593721,35.6870416666667,NA
"43","Egala_Bart_4_38C",128.8493015447,-0.0101482359447005,37.9980625,NA
"44","Egala_Bart_4_41C",110.197456360517,-0.0113160915034333,41.2754257425743,NA
"45","Egala_Bart_6_23C",209.451213401709,-0.00969203418803477,23.1164032258065,NA
"46","Egala_Bart_6_26C",205.936678816739,-0.0107123665223663,25.8090408163265,NA
"47","Egala_Bart_6_28C",201.775335473712,-0.0114888986090457,27.8528482142857,NA
"48","Egala_Bart_6_30C",195.030711320077,-0.0138746291398657,29.7345454545455,NA
"49","Egala_Bart_6_31C",184.094962201835,-0.0152521934945788,30.5560267857143,NA
"50","Egala_Bart_6_32C",177.477530666219,-0.0152878762436505,31.8924077669903,NA
"51","Egala_Bart_6_33C",169.340338100102,-0.0163886618998978,32.8146730769231,NA
"52","Egala_Bart_6_34C",161.428203808394,-0.0163685587904382,33.657128440367,NA
"53","Egala_Bart_6_36C",149.289843167803,-0.0119738514649907,35.6123854166667,NA
"54","Egala_Bart_6_38C",141.568403503569,-0.0152014970164971,37.9272057142857,NA
"55","Egala_Bart_6_41C",120.979706126766,-0.0187140338948906,41.27034,NA
"56","Egala_Bart_7_23C",200.996202597403,-0.00794935064935073,23.1734754098361,NA
"57","Egala_Bart_7_26C",197.023718388106,-0.008918309859155,25.8751237113402,NA
"58","Egala_Bart_7_28C",194.583198037764,-0.010001166234728,27.8856403508772,NA
"59","Egala_Bart_7_30C",186.671523503227,-0.0120478444945093,29.8303232323232,NA
"60","Egala_Bart_7_31C",174.371014775251,-0.0123388365943945,30.6489375,NA
"61","Egala_Bart_7_32C",168.563948595167,-0.0134713275295308,31.9499514563107,NA
"62","Egala_Bart_7_33C",161.055996305358,-0.0137234651493598,32.8867692307692,NA
"63","Egala_Bart_7_34C",151.64457093785,-0.0117957418812989,33.8124495412844,NA
"64","Egala_Bart_7_36C",142.27566811211,-0.0125673717609731,35.7119166666667,NA
"65","Egala_Bart_7_38C",134.601047176832,-0.0147516869145115,37.9615172413793,NA
"66","Egala_Bart_7_41C",113.148817035202,-0.0160054161320163,41.10573,NA
"67","Egala_Bart_8_23C",203.067331265306,-0.00486493877551013,23.0644666666667,NA
"68","Egala_Bart_8_26C",200.814413263875,-0.00658159764499178,25.7773163265306,NA
"69","Egala_Bart_8_28C",197.980746508564,-0.0133220026350461,27.8271964285714,NA
"70","Egala_Bart_8_30C",190.590262385737,-0.00875751303165379,29.69856,NA
"71","Egala_Bart_8_31C",178.520354599424,-0.00921437332236135,30.5355446428571,NA
"72","Egala_Bart_8_32C",175.397836208517,-0.00931454874239672,31.8212621359223,NA
"73","Egala_Bart_8_33C",166.62611827799,-0.0105337937114312,32.7059423076923,NA
"74","Egala_Bart_8_34C",157.599828466271,-0.00999156632840853,33.6802293577982,NA
"75","Egala_Bart_8_36C",146.018851385155,-0.00866675628287559,35.6075833333333,NA
"76","Egala_Bart_8_38C",137.976958596007,-0.010564087225503,37.9736609195402,NA
"77","Egala_Bart_8_41C",118.15792766382,-0.0116952430361561,41.05298,NA
"78","Egala_Bart_9_23C",210.269904425652,-0.00875706835799877,23.1370166666667,NA
"79","Egala_Bart_9_26C",207.705226373626,-0.0086879120879121,25.8655714285714,NA
"80","Egala_Bart_9_28C",203.007375846242,-0.00940512301306065,27.8150446428571,NA
"81","Egala_Bart_9_30C",197.173509842396,-0.0118289113871201,29.7350606060606,NA
"82","Egala_Bart_9_31C",182.732276144797,-0.0120098123283875,30.6490714285714,NA
"83","Egala_Bart_9_32C",178.632575671868,-0.0133478355816983,31.8277549019608,NA
"84","Egala_Bart_9_33C",171.443419217033,-0.0128922252747252,32.7271346153846,NA
"85","Egala_Bart_9_34C",165.774010238095,-0.0126617261904761,33.6581651376147,NA
"86","Egala_Bart_9_36C",151.10982640489,-0.0108063076036867,35.6017916666667,NA
"87","Egala_Bart_9_38C",142.556966333855,-0.0132559792052413,37.9115953757225,NA
"88","Egala_Bart_9_41C",120.976225741758,-0.0154909203296702,41.12352,NA
"89","EgalaBk_Bart_2_23C",211.36522,-0.000666159267089454,23.1364285714286,NA
"90","EgalaBk_Bart_2_26C",209.48566484058,-0.000705565217391948,25.8695526315789,NA
"91","EgalaBk_Bart_2_28C",205.785294630646,-0.00138278491561915,27.9051328125,NA
"92","EgalaBk_Bart_2_30C",197.392973176711,-0.00183671092951996,29.7803,NA
"93","EgalaBk_Bart_2_31C",186.230765392502,-0.00189634050160361,30.732610619469,NA
"94","EgalaBk_Bart_2_32C",180.844990036108,-0.00287649130136378,31.8776862745098,NA
"95","EgalaBk_Bart_2_33C",173.994874711539,-0.00321894230769235,32.8029805825243,NA
"96","EgalaBk_Bart_2_34C",165.42308619226,-0.00333792978557021,33.7913486238532,NA
"97","EgalaBk_Bart_2_36C",153.038231833256,-0.00365230259015154,35.6380625,NA
"98","EgalaBk_Bart_2_38C",144.483258660351,-0.00438561866035122,37.9683465909091,NA
"99","EgalaBk_Bart_2_41C",125.291179374121,-0.00431734880450064,41.1447722772277,NA
"100","EgalaBk_Bart_5_23C",210.714751540074,-0.000497226253830131,23.1369193548387,NA
"101","EgalaBk_Bart_5_26C",207.071473836699,-0.00102827041264256,26.0526224489796,NA
"102","EgalaBk_Bart_5_28C",202.922201160998,-0.00131514162028437,28.1092767857143,NA
"103","EgalaBk_Bart_5_30C",197.504142580048,-0.00209810211572321,29.9496333333333,NA
"104","EgalaBk_Bart_5_31C",184.896416282195,-0.00267720044792823,30.8337857142857,NA
"105","EgalaBk_Bart_5_32C",180.129989852321,-0.0024113830285981,31.986068627451,NA
"106","EgalaBk_Bart_5_33C",173.766853658226,-0.0041109444179009,32.8325,NA
"107","EgalaBk_Bart_5_34C",165.09466603525,-0.00393263255508882,33.8382660550459,NA
"108","EgalaBk_Bart_5_36C",151.471428294889,-0.00306013568521012,35.94834375,NA
"109","EgalaBk_Bart_5_38C",143.959428666985,-0.00448162384599974,38.1745314285714,NA
"110","EgalaBk_Bart_5_41C",124.615845481944,-0.00526920168439151,41.4554356435644,NA
"111","Egala_Botel_1_20C",222.276485209177,-0.00737056680161919,20.2882363636364,NA
"112","Egala_Botel_1_23C",217.705102265018,-0.00931158770106145,22.9689807692308,NA
"113","Egala_Botel_1_26C",214.754534285714,-0.00995928571428501,25.9613666666667,NA
"114","Egala_Botel_1_28C",207.64859035461,-0.0161471847055194,28.22858,NA
"115","Egala_Botel_1_30C",198.96251368421,-0.039834736842105,30.1889024390244,NA
"116","Egala_Botel_1_31C",185.259926789489,-0.014753729990939,30.9371408450704,NA
"117","Egala_Botel_1_32C",179.103552525253,-0.0157974967061926,32.0867205882353,NA
"118","Egala_Botel_1_33C",172.518732121212,-0.0149451082251082,33.0694637681159,NA
"119","Egala_Botel_1_34C",167.042114340449,-0.0175196496989594,33.8416862745098,NA
"120","Egala_Botel_1_36C",157.045075673469,-0.0149768979591837,35.9025185185185,NA
"121","Egala_Botel_1_38C",146.30586317139,-0.0151265991902836,37.7140344827586,NA
"122","Egala_Botel_1_42C",121.954812854123,-0.0141032699083861,41.8023088235294,NA
"123","Egala_Botel_10_20C",219.965171785384,-0.0103466234967622,20.2737924528302,NA
"124","Egala_Botel_10_23C",219.287780670492,-0.0116746602234975,23.0728846153846,NA
"125","Egala_Botel_10_26C",215.353131848853,-0.0161686234817813,25.9989183673469,NA
"126","Egala_Botel_10_28C",208.538914482758,-0.0208593103448272,28.30116,NA
"127","Egala_Botel_10_30C",201.329935459662,-0.0201046904315195,30.2115365853659,NA
"128","Egala_Botel_10_31C",185.503032690173,-0.017940741056945,30.9050285714286,NA
"129","Egala_Botel_10_32C",177.895917543149,-0.0198493963212057,32.0511470588235,NA
"130","Egala_Botel_10_33C",173.915763485352,-0.0185348535185744,33.1275797101449,NA
"131","Egala_Botel_10_34C",167.803924923077,-0.0160795384615387,33.85222,NA
"132","Egala_Botel_10_36C",157.172380731707,-0.0174183623693382,35.9393396226415,NA
"133","Egala_Botel_10_38C",143.117189473684,-0.0179182186234819,38.0348771929825,NA
"134","Egala_Botel_10_42C",115.036850558307,-0.0173729674859269,41.9233880597015,NA
"135","Egala_Botel_2_20C",213.551291208791,-0.0180054945054955,20.3555833333333,NA
"136","Egala_Botel_2_23C",214.456015261324,-0.0106744947735194,23.0731923076923,NA
"137","Egala_Botel_2_26C",211.606838106042,-0.0199450935904711,26.0493125,NA
"138","Egala_Botel_2_28C",205.176507813765,-0.018042631578947,28.2287755102041,NA
"139","Egala_Botel_2_30C",197.147623529412,-0.0194865546218485,30.2640731707317,NA
"140","Egala_Botel_2_31C",181.783775108225,-0.0180536075036075,31.0435142857143,NA
"141","Egala_Botel_2_32C",176.169188571429,-0.0182130612244897,32.1117164179105,NA
"142","Egala_Botel_2_33C",168.974577891876,-0.017589670794322,33.1965217391304,NA
"143","Egala_Botel_2_34C",164.134530232558,-0.018305980066445,33.9312941176471,NA
"144","Egala_Botel_2_36C",154.434922787457,-0.0171067595818818,35.917,NA
"145","Egala_Botel_2_38C",144.337776722391,-0.0163898176291794,37.7364912280702,NA
"146","Egala_Botel_2_42C",120.915658464385,-0.0162964539007093,41.3962205882353,NA
"147","Egala_Botel_3_20C",219.325766699507,-0.00921004926108369,20.3242727272727,NA
"148","Egala_Botel_3_23C",214.49757164751,-0.0158431308155445,22.9773846153846,NA
"149","Egala_Botel_3_26C",212.679572093023,-0.0200471760797342,25.9673958333333,NA
"150","Egala_Botel_3_28C",206.698251372549,-0.0230524929971982,28.21272,NA
"151","Egala_Botel_3_30C",197.915409024064,-0.0255721256684496,30.2796585365854,NA
"152","Egala_Botel_3_31C",183.375894951787,-0.0224853415444456,30.9747857142857,NA
"153","Egala_Botel_3_32C",174.959516097561,-0.0218032055749126,32.0856865671642,NA
"154","Egala_Botel_3_33C",170.012102241574,-0.0216895661990002,33.0490579710145,NA
"155","Egala_Botel_3_34C",171.910286747638,-0.0204073279352224,33.8011960784314,NA
"156","Egala_Botel_3_36C",154.95493307158,-0.0229901540320144,35.8491851851852,NA
"157","Egala_Botel_3_38C",144.739166626397,-0.0209165508909697,37.7187192982456,NA
"158","Egala_Botel_3_42C",119.314033930372,-0.0210256710684274,41.62025,NA
"159","Egala_Botel_4_20C",199.847046538638,-0.0125107365691596,20.3578727272727,NA
"160","Egala_Botel_4_23C",196.82152,-0.0139216806722688,22.9726923076923,NA
"161","Egala_Botel_4_26C",191.548130084034,-0.0182309243697478,26.1008333333333,NA
"162","Egala_Botel_4_28C",186.288524958949,-0.0227693486590037,28.30142,NA
"163","Egala_Botel_4_30C",181.045999905168,-0.024173447131342,30.2344878048781,NA
"164","Egala_Botel_4_31C",165.992934562212,-0.0207030913978493,30.9763142857143,NA
"165","Egala_Botel_4_32C",163.533580619979,-0.0218417566921003,32.0447164179105,NA
"166","Egala_Botel_4_33C",155.524374747551,-0.0213394172899198,33.0597391304348,NA
"167","Egala_Botel_4_34C",150.648652318829,-0.0209037031034765,33.8186666666667,NA
"168","Egala_Botel_4_36C",141.773370204047,-0.0197185349611543,35.8939056603774,NA
"169","Egala_Botel_4_38C",131.3593539089,-0.0194496207356585,37.8350175438596,NA
"170","Egala_Botel_4_42C",107.603442539683,-0.0194127417027418,41.5665441176471,NA
"171","Egala_Botel_6_20C",222.017546403941,-0.0152518226600984,20.2802407407407,NA
"172","Egala_Botel_6_23C",220.843204165103,-0.0161227392120077,22.9509038461538,NA
"173","Egala_Botel_6_26C",216.938476942815,-0.0240876466275656,25.9654375,NA
"174","Egala_Botel_6_28C",212.466811763192,-0.0251658172458174,28.22154,NA
"175","Egala_Botel_6_30C",199.067821620142,-0.019693814997263,30.1903170731707,NA
"176","Egala_Botel_6_31C",187.490073535354,-0.0232664646464647,31.0281857142857,NA
"177","Egala_Botel_6_32C",179.611394775036,-0.0269525882922113,32.11,NA
"178","Egala_Botel_6_33C",172.222024236818,-0.0273452358926919,33.1241,NA
"179","Egala_Botel_6_34C",167.463038431373,-0.0287773669467787,33.9639215686274,NA
"180","Egala_Botel_6_36C",156.214410967742,-0.0316158064516133,35.9258333333333,NA
"181","Egala_Botel_6_38C",145.265614193548,-0.0260916129032259,37.9403157894737,NA
"182","Egala_Botel_6_42C",117.685801597985,-0.0267345421245422,41.6985441176471,NA
"183","Egala_Botel_7_20C",207.854572699084,-0.00670264975334767,20.4153888888889,NA
"184","Egala_Botel_7_23C",207.208045445762,-0.00749059288537548,23.0875,NA
"185","Egala_Botel_7_26C",203.433723303303,-0.0115668468468467,26.2331428571429,NA
"186","Egala_Botel_7_28C",199.352525805959,-0.013450939648587,28.3217222222222,NA
"187","Egala_Botel_7_30C",192.057993320825,-0.0255055159474671,30.3148536585366,NA
"188","Egala_Botel_7_31C",174.424236794689,-0.0133221431958271,31.0407428571429,NA
"189","Egala_Botel_7_32C",168.994774143776,-0.0135121332554062,32.1899852941176,NA
"190","Egala_Botel_7_33C",164.972805430846,-0.0139824932201908,33.1186,NA
"191","Egala_Botel_7_34C",157.129617420719,-0.0135506131078224,34.0546666666667,NA
"192","Egala_Botel_7_36C",148.566438507744,-0.0142425857577074,36.0801296296296,NA
"193","Egala_Botel_7_38C",138.052299244994,-0.0147033373454427,37.9174035087719,NA
"194","Egala_Botel_7_42C",114.089023126735,-0.0138923450508789,41.7121176470588,NA
"195","Egala_Botel_9_20C",219.427056149733,-0.00863368983957192,20.3453962264151,NA
"196","Egala_Botel_9_23C",217.834245409782,-0.0107616588248167,23.0848846153846,NA
"197","Egala_Botel_9_26C",215.545969020252,-0.0142051997810621,26.0032653061224,NA
"198","Egala_Botel_9_28C",207.652360170697,-0.0225180654338548,28.32908,NA
"199","Egala_Botel_9_30C",198.449302551566,-0.0247133995416346,30.33,NA
"200","Egala_Botel_9_31C",186.26972631514,-0.0188341782300337,30.9431,NA
"201","Egala_Botel_9_32C",179.096842375169,-0.0203558704453439,32.0246764705882,NA
"202","Egala_Botel_9_33C",173.945908471708,-0.018559502908514,33.0143428571429,NA
"203","Egala_Botel_9_34C",167.220805755553,-0.02023731261626,33.896862745098,NA
"204","Egala_Botel_9_36C",158.873846019118,-0.0173038051187173,35.7780754716981,NA
"205","Egala_Botel_9_38C",147.108025116575,-0.017245991995426,37.8460526315789,NA
"206","Egala_Botel_9_42C",120.692806938955,-0.0193305665349146,41.7275074626866,NA
"207","EgalaBk_Botel_5_20C",218.679514565826,-0.00145182072829093,20.3968333333333,NA
"208","EgalaBk_Botel_5_23C",217.616896806723,-0.00399680672268915,23.0329423076923,NA
"209","EgalaBk_Botel_5_26C",213.217486234818,-0.00438097165991919,26.0776875,NA
"210","EgalaBk_Botel_5_28C",207.707343193277,-0.0064994957983192,28.35284,NA
"211","EgalaBk_Botel_5_30C",199.861397158136,-0.00949081741787613,30.3221219512195,NA
"212","EgalaBk_Botel_5_31C",186.377541813948,-0.00494718479215166,30.9797857142857,NA
"213","EgalaBk_Botel_5_32C",180.186586209925,-0.00568563899868261,32.1639411764706,NA
"214","EgalaBk_Botel_5_33C",173.459460533362,-0.00326396005210599,33.2185714285714,NA
"215","EgalaBk_Botel_5_34C",168.216734294294,-0.00593562419562385,33.9184705882353,NA
"216","EgalaBk_Botel_5_36C",158.461645236167,-0.00705238866396772,35.9837407407407,NA
"217","EgalaBk_Botel_5_38C",147.826817215343,-0.00733881002718216,38.0207543859649,NA
"218","EgalaBk_Botel_5_42C",124.153582439024,-0.00715038327526118,41.7330441176471,NA
"219","EgalaBk_Botel_8_20C",214.673063988724,-0.0010875968992247,20.2312222222222,NA
"220","EgalaBk_Botel_8_23C",231.433837931516,-0.00237853249475915,22.8416271186441,NA
"221","EgalaBk_Botel_8_26C",213.087518845042,-0.00157235232152992,26.003,NA
"222","EgalaBk_Botel_8_28C",215.33422364532,-0.00463743842364601,28.2359444444444,NA
"223","EgalaBk_Botel_8_30C",198.838768,-0.0102418461538459,30.1605609756098,NA
"224","EgalaBk_Botel_8_31C",186.059277076933,-0.00404413402457746,30.9635428571429,NA
"225","EgalaBk_Botel_8_32C",176.824114170041,-0.00564858299595184,32.0846470588235,NA
"226","EgalaBk_Botel_8_33C",173.745136849817,-0.00536336080586067,33.0405571428571,NA
"227","EgalaBk_Botel_8_34C",164.49892798419,-0.0065129644268775,33.9319019607843,NA
"228","EgalaBk_Botel_8_36C",155.535690838619,-0.00934341085271304,35.7145660377358,NA
"229","EgalaBk_Botel_8_38C",145.223631629035,-0.00999456144159814,37.7384210526316,NA
"230","EgalaBk_Botel_8_42C",120.328936326531,-0.00696693877551004,41.6665147058824,NA
"231","Egala_Corm_1_22C",202.37252254272,-0.0110929460013669,21.6106233766234,NA
"232","Egala_Corm_1_26C",202.711787545788,-0.0156355311355311,25.9968301886792,NA
"233","Egala_Corm_1_28C",200.075174923321,-0.0180610153358013,27.9897611940298,NA
"234","Egala_Corm_1_30C",180.41463144385,-0.0241351871657751,30.3715,NA
"235","Egala_Corm_1_31C",185.316927447448,-0.0248120463320464,31.3117704918033,NA
"236","Egala_Corm_1_32C",177.55405332455,-0.0235893807641635,31.9478275862069,NA
"237","Egala_Corm_1_33C",173.896588694463,-0.0215023991797676,32.7031967213115,NA
"238","Egala_Corm_1_34C",164.599716566063,-0.0193872568745809,33.96475,NA
"239","Egala_Corm_1_36C",155.410231460258,-0.0191259651070406,35.4428791208791,NA
"240","Egala_Corm_1_38C",142.973021497838,-0.019615805381806,37.6183272727273,NA
"241","Egala_Corm_1_42C",112.580163884175,-0.018190128597673,42.2411139240506,NA
"242","Egala_Corm_10_22C",212.892610286513,-0.0105807585286834,21.6836623376623,NA
"243","Egala_Corm_10_26C",218.033588979823,-0.0242095130054291,26.2477407407407,NA
"244","Egala_Corm_10_28C",213.390262552561,-0.0184698971936649,28.1097941176471,NA
"245","Egala_Corm_10_30C",204.076404927536,-0.0303621739130447,30.2408636363636,NA
"246","Egala_Corm_10_31C",197.158443421624,-0.0244637212331741,31.4949206349206,NA
"247","Egala_Corm_10_32C",191.704631179487,-0.0231928687782804,32.185984375,NA
"248","Egala_Corm_10_33C",184.510174634146,-0.0249197560975611,32.9145873015873,NA
"249","Egala_Corm_10_34C",178.168341604149,-0.0191630175048625,34.2845119047619,NA
"250","Egala_Corm_10_36C",164.762872289157,-0.0182785973160936,35.6910111111111,NA
"251","Egala_Corm_10_38C",150.920796356519,-0.0200472928193826,37.9522545454545,NA
"252","Egala_Corm_10_42C",117.676851638085,-0.0195813603283725,42.5079615384615,NA
"253","Egala_Corm_4_22C",187.312508724203,-0.00857936210131358,21.5955194805195,NA
"254","Egala_Corm_4_26C",188.336811498258,-0.0144360627177701,26.1198148148148,NA
"255","Egala_Corm_4_28C",183.550959383555,-0.0144571841643852,28.0229850746269,NA
"256","Egala_Corm_4_30C",176.824911148459,-0.021141960784314,30.1355681818182,NA
"257","Egala_Corm_4_31C",169.713200893157,-0.018659332533013,31.3861147540984,NA
"258","Egala_Corm_4_32C",165.291434901392,-0.0187304704174849,32.080984375,NA
"259","Egala_Corm_4_33C",159.578571332778,-0.0183261072520144,32.8039032258065,NA
"260","Egala_Corm_4_34C",152.667627527818,-0.0159495726495728,34.1493529411765,NA
"261","Egala_Corm_4_36C",142.271069345238,-0.015751694139194,35.5813626373626,NA
"262","Egala_Corm_4_38C",129.824550289769,-0.017869169710996,37.7688909090909,NA
"263","Egala_Corm_4_42C",103.250195727727,-0.01597491359447,42.4155443037975,NA
"264","Egala_Corm_5_22C",205.584925013221,-0.0134340031729244,21.6286103896104,NA
"265","Egala_Corm_5_26C",210.817485291397,-0.019854856614246,26.1724727272727,NA
"266","Egala_Corm_5_28C",206.270327436774,-0.0207973274094327,28.0851911764706,NA
"267","Egala_Corm_5_30C",194.505830486258,-0.0229371811134601,30.2429423076923,NA
"268","Egala_Corm_5_31C",190.744246536224,-0.024278794288736,31.4613333333333,NA
"269","Egala_Corm_5_32C",187.748382770708,-0.0263922304921964,32.183203125,NA
"270","Egala_Corm_5_33C",179.498878967129,-0.0245115468762663,32.9089032258064,NA
"271","Egala_Corm_5_34C",173.704542921881,-0.0229850396149574,34.2269642857143,NA
"272","Egala_Corm_5_36C",158.624330090191,-0.0227440897118685,35.685978021978,NA
"273","Egala_Corm_5_38C",142.473492661336,-0.0251422901199315,37.8619272727273,NA
"274","Egala_Corm_5_42C",111.298053194495,-0.0241943953233466,42.4792658227848,NA
"275","Egala_Corm_6_22C",204.05670032599,-0.0115534728429465,21.5880519480519,NA
"276","Egala_Corm_6_26C",205.163342371041,-0.0169272579185522,26.7648888888889,NA
"277","Egala_Corm_6_28C",200.702606904762,-0.0163000595238095,28.0335441176471,NA
"278","Egala_Corm_6_30C",193.075653170359,-0.0227792207792205,30.0794090909091,NA
"279","Egala_Corm_6_31C",185.796087252435,-0.0226993544151439,31.3477619047619,NA
"280","Egala_Corm_6_32C",179.210411002159,-0.0214838359543633,32.064140625,NA
"281","Egala_Corm_6_33C",175.08821315197,-0.0269467354596624,32.7401129032258,NA
"282","Egala_Corm_6_34C",165.16126837743,-0.0212308335704123,34.1240952380952,NA
"283","Egala_Corm_6_36C",154.73018008658,-0.0212816017316019,35.5259450549451,NA
"284","Egala_Corm_6_38C",140.995965681278,-0.0207844036697248,37.8032909090909,NA
"285","Egala_Corm_6_42C",112.545681079812,-0.0196684037558685,42.3967179487179,NA
"286","Egala_Corm_7_22C",197.204541369606,-0.00666238273921244,21.6822686567164,NA
"287","Egala_Corm_7_26C",201.243204233512,-0.00867493315508047,26.2067407407407,NA
"288","Egala_Corm_7_28C",196.942594637456,-0.0124335882810476,28.1156323529412,NA
"289","Egala_Corm_7_30C",190.38493192389,-0.0176623678646934,30.2612325581395,NA
"290","Egala_Corm_7_31C",182.149463483483,-0.0169156499356497,31.4913492063492,NA
"291","Egala_Corm_7_32C",176.05971406015,-0.0159279699248121,32.1725625,NA
"292","Egala_Corm_7_33C",168.930557039187,-0.0166586357039187,32.8160634920635,NA
"293","Egala_Corm_7_34C",164.307323512337,-0.0159662597114317,34.1694117647059,NA
"294","Egala_Corm_7_36C",149.962788242498,-0.017364640013997,35.6638021978022,NA
"295","Egala_Corm_7_38C",137.857760701758,-0.0173848392149324,37.8576181818182,NA
"296","Egala_Corm_7_42C",107.202567511737,-0.0166717370892018,42.4317948717949,NA
"297","Egala_Corm_8_22C",200.241677572309,-0.0101780464675202,21.6064545454545,NA
"298","Egala_Corm_8_26C",199.344080573543,-0.0165619565217392,26.0168518518519,NA
"299","Egala_Corm_8_28C",195.926846516349,-0.0177211664462147,27.9819411764706,NA
"300","Egala_Corm_8_30C",197.05113047619,-0.0207721428571419,30.0892272727273,NA
"301","Egala_Corm_8_31C",179.885903653061,-0.0202438571428569,31.3822698412698,NA
"302","Egala_Corm_8_32C",175.672050907441,-0.020462885662432,32.119765625,NA
"303","Egala_Corm_8_33C",168.591767731092,-0.0194063865546218,32.7062857142857,NA
"304","Egala_Corm_8_34C",160.037410490805,-0.0203889587139204,34.0655238095238,NA
"305","Egala_Corm_8_36C",149.632907803372,-0.0190343766937669,35.5692307692308,NA
"306","Egala_Corm_8_38C",137.835339149731,-0.0204246521785073,37.7641818181818,NA
"307","Egala_Corm_8_42C",109.714073783534,-0.0183849768732655,42.399,NA
"308","Egala_Corm_9_22C",202.111904991233,-0.0150068614845123,21.6290779220779,NA
"309","Egala_Corm_9_26C",209.93578735707,-0.0187634389926183,26.0348703703704,NA
"310","Egala_Corm_9_28C",203.946467220026,-0.0200956785243742,27.9700588235294,NA
"311","Egala_Corm_9_30C",198.90394174216,-0.0248251916376305,30.1219772727273,NA
"312","Egala_Corm_9_31C",189.554273548875,-0.0264261567133948,31.3644761904762,NA
"313","Egala_Corm_9_32C",184.567393759071,-0.0288036929527496,32.088125,NA
"314","Egala_Corm_9_33C",177.258392182697,-0.0296595520421608,32.8210476190476,NA
"315","Egala_Corm_9_34C",169.213258305745,-0.0274266601752678,34.1337261904762,NA
"316","Egala_Corm_9_36C",158.988732979592,-0.0254175714285713,35.5656888888889,NA
"317","Egala_Corm_9_38C",144.572107256439,-0.0269701903695409,37.8114454545455,NA
"318","Egala_Corm_9_42C",111.467773527331,-0.0259436033098526,42.2693461538462,NA
"319","EgalaBk_Corm_2_22C",208.368045701971,-0.000486878442014578,21.6384805194805,NA
"320","EgalaBk_Corm_2_26C",205.548566807611,-0.00184708547266671,26.3881481481481,NA
"321","EgalaBk_Corm_2_28C",202.015250450029,-0.00207324371712464,28.0512835820896,NA
"322","EgalaBk_Corm_2_30C",195.078537777778,-0.00309675213675198,30.1717441860465,NA
"323","EgalaBk_Corm_2_31C",186.923561389154,-0.00617312744163138,31.334737704918,NA
"324","EgalaBk_Corm_2_32C",182.344758577625,-0.00471825033067763,32.0425254237288,NA
"325","EgalaBk_Corm_2_33C",177.610012473868,-0.00485202090592348,32.7526290322581,NA
"326","EgalaBk_Corm_2_34C",168.78494695147,-0.00525539302802463,34.0722023809524,NA
"327","EgalaBk_Corm_2_36C",159.140720137282,-0.00499114853539792,35.5617692307692,NA
"328","EgalaBk_Corm_2_38C",146.565550663274,-0.00671624253721941,37.7803363636364,NA
"329","EgalaBk_Corm_2_42C",118.54893885851,-0.00633274094326723,42.432164556962,NA
"330","EgalaBk_Corm_3_22C",207.83614313449,4.60910996759328e-05,21.5726282051282,NA
"331","EgalaBk_Corm_3_26C",205.190561217253,-0.00120257273122046,26.2421481481481,NA
"332","EgalaBk_Corm_3_28C",201.677687979798,-0.000962150072150096,27.9995820895522,NA
"333","EgalaBk_Corm_3_30C",192.187246477906,-0.00661129987129956,30.1099090909091,NA
"334","EgalaBk_Corm_3_31C",187.364354738676,-0.00253209059233426,31.3507868852459,NA
"335","EgalaBk_Corm_3_32C",182.499417890155,-0.00368833564879133,31.98684375,NA
"336","EgalaBk_Corm_3_33C",177.465583560704,-0.00299879021879035,32.7531774193548,NA
"337","EgalaBk_Corm_3_34C",168.803932265208,-0.00351560082023233,34.0720823529412,NA
"338","EgalaBk_Corm_3_36C",159.709771284835,-0.00423067320738953,35.4716923076923,NA
"339","EgalaBk_Corm_3_38C",146.721935504209,-0.00641150012327851,37.7112454545455,NA
"340","EgalaBk_Corm_3_42C",119.091525181135,-0.00476578263841424,42.3254430379747,NA
"341","Egala_Doug_1_19C",219.362054776335,-0.0152423665223666,19.3889240506329,NA
"342","Egala_Doug_1_23C",214.005002913165,-0.0212085154061626,22.9656578947368,NA
"343","Egala_Doug_1_26C",210.485963678161,-0.0268303448275857,25.937575,NA
"344","Egala_Doug_1_28C",202.120398327526,-0.0284878745644603,28.1502857142857,NA
"345","Egala_Doug_1_30C",179.295894153846,-0.0334921025641025,30.1466842105263,NA
"346","Egala_Doug_1_31C",180.194427152024,-0.0323706117781593,31.1844307692308,NA
"347","Egala_Doug_1_32C",173.31170311943,-0.0338189839572195,32.1507857142857,NA
"348","Egala_Doug_1_33C",167.689966688948,-0.0311915106951873,33.02152,NA
"349","Egala_Doug_1_34C",161.399251869501,-0.023665175953079,34.0043148148148,NA
"350","Egala_Doug_1_36C",151.321553819163,-0.0291575303643724,35.7970634920635,NA
"351","Egala_Doug_1_38C",145.037638113466,-0.0303438550922762,37.512125,NA
"352","Egala_Doug_1_42C",107.230153153153,-0.0321666666666665,41.2454583333333,NA
"353","Egala_Doug_10_19C",231.280853977257,-0.014158301596305,19.35875,NA
"354","Egala_Doug_10_23C",224.547109224599,-0.0188869652406414,23.1310526315789,NA
"355","Egala_Doug_10_26C",222.281461072464,-0.02419295652174,26.0261162790698,NA
"356","Egala_Doug_10_28C",211.531467118941,-0.0285375861691653,28.2775813953488,NA
"357","Egala_Doug_10_30C",191.994228717949,-0.0292304273504275,30.1958684210526,NA
"358","Egala_Doug_10_31C",190.224407734995,-0.0297791172201825,31.2406984126984,NA
"359","Egala_Doug_10_32C",183.601643513957,-0.0286856595511762,32.3487906976744,NA
"360","Egala_Doug_10_33C",176.054498247036,-0.0282479701806987,33.21228,NA
"361","Egala_Doug_10_34C",166.951565538462,-0.0273952820512821,33.9992307692308,NA
"362","Egala_Doug_10_36C",156.584052329099,-0.022951451905626,35.810984375,NA
"363","Egala_Doug_10_38C",148.438411313131,-0.023768888888889,37.5274,NA
"364","Egala_Doug_10_42C",106.287672615385,-0.0213259487179486,41.0961956521739,NA
"365","Egala_Doug_2_19C",219.09404852459,-0.0133073294553148,19.3735189873418,NA
"366","Egala_Doug_2_23C",212.469243010753,-0.0166193548387096,23.091,NA
"367","Egala_Doug_2_26C",207.421635172414,-0.0227868965517235,26.223125,NA
"368","Egala_Doug_2_28C",203.26653908046,-0.0242848385331143,28.205425,NA
"369","Egala_Doug_2_30C",182.485344334975,-0.0251866995073888,30.1279736842105,NA
"370","Egala_Doug_2_31C",181.43793923312,-0.0248280077799389,31.2194153846154,NA
"371","Egala_Doug_2_32C",173.629812151067,-0.0258469074986316,32.2202142857143,NA
"372","Egala_Doug_2_33C",168.318527554616,-0.0219373502466524,33.14812,NA
"373","Egala_Doug_2_34C",164.399198008535,-0.0223416785206261,34.079462962963,NA
"374","Egala_Doug_2_36C",152.335195990649,-0.0222708007013443,35.7868571428571,NA
"375","Egala_Doug_2_38C",145.925167615018,-0.0219466737176097,37.5438125,NA
"376","Egala_Doug_2_42C",118.064682419355,-0.0303340322580643,41.2362083333333,NA
"377","Egala_Doug_3_19C",215.994793229601,-0.00619202556265615,19.351582278481,NA
"378","Egala_Doug_3_23C",214.924777448434,-0.00862114591291087,23.0527894736842,NA
"379","Egala_Doug_3_26C",206.573984244926,-0.0110251805985558,26.0340975609756,NA
"380","Egala_Doug_3_28C",195.952230469043,-0.0181486679174485,28.6852533333333,NA
"381","Egala_Doug_3_30C",184.581555980719,-0.0158844938820914,30.1123947368421,NA
"382","Egala_Doug_3_31C",181.51240989547,-0.013617212543554,31.2400454545455,NA
"383","Egala_Doug_3_32C",174.748438691323,-0.0158981507823614,32.1760697674419,NA
"384","Egala_Doug_3_33C",169.969426326731,-0.0146695699748328,33.11964,NA
"385","Egala_Doug_3_34C",166.351787979462,-0.0115829054666265,34.0828333333333,NA
"386","Egala_Doug_3_36C",157.07002978718,-0.0144742824471126,35.7651587301587,NA
"387","Egala_Doug_3_38C",146.369290144391,-0.0143456053313588,37.795075,NA
"388","Egala_Doug_3_42C",114.863323391902,-0.0210641100076395,40.8567234042553,NA
"389","Egala_Doug_5_19C",210.446118127184,-0.0137814522584337,19.3562784810127,NA
"390","Egala_Doug_5_23C",211.341396842105,-0.0161231578947364,23.0695,NA
"391","Egala_Doug_5_26C",204.196542153846,-0.0240029230769237,26.0946585365854,NA
"392","Egala_Doug_5_28C",200.849656842105,-0.027609473684211,28.2843333333333,NA
"393","Egala_Doug_5_30C",181.024918270945,-0.0293685828877008,30.2247368421053,NA
"394","Egala_Doug_5_31C",180.268470307587,-0.0276682570061519,31.2820454545455,NA
"395","Egala_Doug_5_32C",173.849585253675,-0.0284629208155522,32.274,NA
"396","Egala_Doug_5_33C",168.770622651767,-0.0265602839021446,33.15644,NA
"397","Egala_Doug_5_34C",164.141241628177,-0.0266256057045622,34.0719056603774,NA
"398","Egala_Doug_5_36C",153.74185850514,-0.0257364434565155,35.7539365079365,NA
"399","Egala_Doug_5_38C",146.671339673807,-0.0247408422590068,37.5994625,NA
"400","Egala_Doug_5_42C",108.686152836485,-0.025561957730812,41.3333829787234,NA
"401","Egala_Doug_6_19C",223.325884343891,-0.0134024434389142,19.3457721518987,NA
"402","Egala_Doug_6_23C",217.925686201991,-0.0164230440967283,23.0478205128205,NA
"403","Egala_Doug_6_26C",211.446579408867,-0.0208483743842364,25.980619047619,NA
"404","Egala_Doug_6_28C",204.708253021876,-0.0241187986651834,28.2259523809524,NA
"405","Egala_Doug_6_30C",184.220733096033,-0.0260737708565072,30.1448684210526,NA
"406","Egala_Doug_6_31C",183.345688523032,-0.0251780010370755,31.2189375,NA
"407","Egala_Doug_6_32C",177.576891012146,-0.02712016194332,32.264023255814,NA
"408","Egala_Doug_6_33C",171.002976134454,-0.0271574942704353,33.05002,NA
"409","Egala_Doug_6_34C",166.286109737336,-0.0262743714821765,34.0074528301887,NA
"410","Egala_Doug_6_36C",154.706205378151,-0.0247684033613445,35.7585238095238,NA
"411","Egala_Doug_6_38C",146.97493738023,-0.0230963583857831,37.8220625,NA
"412","Egala_Doug_6_42C",72.9431987299466,-0.0328477941176471,41.5816808510638,NA
"413","Egala_Doug_7_19C",203.927107555988,-0.00817053067185967,19.4269620253165,NA
"414","Egala_Doug_7_23C",204.225023384615,-0.0107741538461542,23.1993421052632,NA
"415","Egala_Doug_7_26C",196.491810461539,-0.0133381538461544,26.0908333333333,NA
"416","Egala_Doug_7_28C",192.058086770982,-0.0158705547652921,28.6470930232558,NA
"417","Egala_Doug_7_30C",174.974578947368,-0.0153368421052632,30.2688157894737,NA
"418","Egala_Doug_7_31C",174.497952825934,-0.0151502889358706,31.3315625,NA
"419","Egala_Doug_7_32C",166.712384558824,-0.0156445855614975,32.4167209302326,NA
"420","Egala_Doug_7_33C",162.554303957219,-0.0147916577540105,33.25442,NA
"421","Egala_Doug_7_34C",158.260210810811,-0.0131567567567564,34.1744339622642,NA
"422","Egala_Doug_7_36C",148.167931740662,-0.012929837914024,35.9423492063492,NA
"423","Egala_Doug_7_38C",141.897058375219,-0.0142580245470487,37.6699875,NA
"424","Egala_Doug_7_42C",107.478637585943,-0.0174794499618027,41.3900638297872,NA
"425","Egala_Doug_8_19C",214.157534024064,-0.0173782754010701,19.3186041666667,NA
"426","Egala_Doug_8_23C",210.480619704434,-0.0195187192118226,23.0765263157895,NA
"427","Egala_Doug_8_26C",204.711662857143,-0.0257754621848737,25.9924047619048,NA
"428","Egala_Doug_8_28C",198.669470552819,-0.0278432950191569,28.2242790697674,NA
"429","Egala_Doug_8_30C",175.513298215358,-0.031628803088803,30.1425789473684,NA
"430","Egala_Doug_8_31C",177.285999435868,-0.0321751934438727,31.137921875,NA
"431","Egala_Doug_8_32C",168.820716007905,-0.0303800395256921,32.2475813953488,NA
"432","Egala_Doug_8_33C",163.71920091673,-0.0302146676852559,33.0908823529412,NA
"433","Egala_Doug_8_34C",159.749283623932,-0.0266962735042736,33.9876538461538,NA
"434","Egala_Doug_8_36C",149.045885855073,-0.0271438260869571,35.8149206349206,NA
"435","Egala_Doug_8_38C",140.877567456634,-0.0271637529301454,37.6756125,NA
"436","Egala_Doug_8_42C",102.99273106413,-0.0292849753347428,41.2367021276596,NA
"437","EgalaBk_Doug_4_19C",197.880040466494,-0.000307404664938957,19.2749873417722,NA
"438","EgalaBk_Doug_4_23C",198.567257142857,-0.00282857142857145,23.1115789473684,NA
"439","EgalaBk_Doug_4_28C",186.121562962963,-0.00417387057387057,28.2670238095238,NA
"440","EgalaBk_Doug_4_30C",172.81806173542,-0.00296714082503557,30.1933421052632,NA
"441","EgalaBk_Doug_4_31C",168.780873334875,-0.00237472247918591,31.1323787878788,NA
"442","EgalaBk_Doug_4_32C",163.367786218487,-0.00324244461420875,32.3632093023256,NA
"443","EgalaBk_Doug_4_33C",158.897314989275,-0.00307899613899617,33.2064,NA
"444","EgalaBk_Doug_4_34C",155.063264942085,-0.00217961389961389,34.0495660377359,NA
"445","EgalaBk_Doug_4_36C",148.03956987559,-0.0125984041184039,35.7445714285714,NA
"446","EgalaBk_Doug_4_38C",137.175226775215,-0.00378691159586679,37.7015375,NA
"447","EgalaBk_Doug_4_42C",109.002200858926,-0.00421779434405656,41.0987021276596,NA
"448","EgalaBk_Doug_9_19C",217.438667577839,-0.000413411172161157,19.3901686746988,NA
"449","EgalaBk_Doug_9_23C",220.49947012987,-0.00204155844155885,23.1514736842105,NA
"450","EgalaBk_Doug_9_28C",206.601665079365,-0.00303809523809538,28.319976744186,NA
"451","EgalaBk_Doug_9_30C",191.445873453749,-0.00269994526546166,30.1805789473684,NA
"452","EgalaBk_Doug_9_31C",186.678742488038,-0.00253285030758719,31.2157301587302,NA
"453","EgalaBk_Doug_9_32C",182.054294774992,-0.00342796738145566,32.2361860465116,NA
"454","EgalaBk_Doug_9_33C",177.198543663275,-0.00325376965772456,33.22194,NA
"455","EgalaBk_Doug_9_34C",172.328777167019,-0.00370528541226218,34.0040769230769,NA
"456","EgalaBk_Doug_9_36C",162.901436748381,-0.00371403792784456,35.8398125,NA
"457","EgalaBk_Doug_9_38C",153.521336755228,-0.0053330922242315,37.65635,NA
"458","EgalaBk_Doug_9_42C",123.79886742532,-0.00575789473684238,40.9038260869565,NA
"459","Egala_Espi_1_19C",187.225528579778,-0.0114639976621862,19.4085342465753,NA
"460","Egala_Espi_1_23C",209.844492180012,-0.0183525540619523,23.4319595959596,NA
"461","Egala_Espi_1_26C",204.551467986432,-0.0216720567375887,25.9776621621622,NA
"462","Egala_Espi_1_28C",198.38008,-0.0249482926829265,28.0178787878788,NA
"463","Egala_Espi_1_30C",189.338296903381,-0.0227967392493712,30.067625,NA
"464","Egala_Espi_1_31C",183.285750700549,-0.0256614148351648,30.9421428571429,NA
"465","Egala_Espi_1_32C",175.548415298598,-0.0279904545822865,32.0980517241379,NA
"466","Egala_Espi_1_33C",168.99325972585,-0.0282363489858294,32.9162985074627,NA
"467","Egala_Espi_1_34C",164.961393360978,-0.0267789902156049,33.8313191489362,NA
"468","Egala_Espi_1_36C",151.567682468142,-0.0236108718980549,35.5281944444444,NA
"469","Egala_Espi_1_38C",141.151425699384,-0.023060123281176,37.91125,NA
"470","Egala_Espi_1_42C",109.529220475939,-0.023880549973559,41.9106307692308,NA
"471","Egala_Espi_10_19C",210.150467799043,-0.00953731373889291,19.4381095890411,NA
"472","Egala_Espi_10_23C",218.593933893964,-0.0139630496030052,23.4936933333333,NA
"473","Egala_Espi_10_26C",213.139942009519,-0.0176813008989949,26.0214109589041,NA
"474","Egala_Espi_10_28C",207.585230328932,-0.0198410372148859,28.1229393939394,NA
"475","Egala_Espi_10_30C",198.470647474972,-0.0249829588431592,30.1335964912281,NA
"476","Egala_Espi_10_31C",191.009276424825,-0.0240181206293706,31.010043956044,NA
"477","Egala_Espi_10_32C",185.361486136339,-0.0241848998796372,32.1451724137931,NA
"478","Egala_Espi_10_33C",175.442405365854,-0.0240961324041813,32.9989259259259,NA
"479","Egala_Espi_10_34C",172.958212052926,-0.0220267024115125,33.9243137254902,NA
"480","Egala_Espi_10_36C",158.167010917594,-0.0214703596194165,35.7281,NA
"481","Egala_Espi_10_38C",144.454296587134,-0.0215617638175778,38.030265625,NA
"482","Egala_Espi_10_42C",112.918167878788,-0.0207128282828282,41.7365384615385,NA
"483","Egala_Espi_2_19C",202.065123074929,-0.00750186673580492,19.5159589041096,NA
"484","Egala_Espi_2_23C",210.434422310709,-0.0107631855203619,23.3780909090909,NA
"485","Egala_Espi_2_26C",204.719777142857,-0.0140576623376623,26.1250945945946,NA
"486","Egala_Espi_2_28C",199.217290982784,-0.0151047684391084,27.9867121212121,NA
"487","Egala_Espi_2_30C",190.923749473684,-0.0173985964912276,30.1528947368421,NA
"488","Egala_Espi_2_31C",184.693812188419,-0.0192485360919191,31.0077802197802,NA
"489","Egala_Espi_2_32C",175.582931025356,-0.0188767694015197,32.1732931034483,NA
"490","Egala_Espi_2_33C",170.234255146469,-0.0195096638914586,32.9887014925373,NA
"491","Egala_Espi_2_34C",165.790856774194,-0.0187367847699631,33.8650425531915,NA
"492","Egala_Espi_2_36C",151.803314426988,-0.0187989477530142,35.7248055555556,NA
"493","Egala_Espi_2_38C",140.462493790347,-0.0185667449963537,38.050859375,NA
"494","Egala_Espi_2_42C",110.08381679926,-0.0188135306814678,42.0307692307692,NA
"495","Egala_Espi_4_19C",190.797157765234,-0.0142846830221451,19.4298194444444,NA
"496","Egala_Espi_4_23C",199.855183074226,-0.0211536177673878,23.342,NA
"497","Egala_Espi_4_26C",191.300160139373,-0.0220827874564462,26.0057567567568,NA
"498","Egala_Espi_4_28C",183.997824461539,-0.0352029230769233,28.0156060606061,NA
"499","Egala_Espi_4_30C",176.04458013273,-0.0274019728506785,30.1056842105263,NA
"500","Egala_Espi_4_31C",163.322652058824,-0.0858770588235297,31.0245909090909,NA
"501","Egala_Espi_4_32C",162.85840591133,-0.0313049261083745,32.1548448275862,NA
"502","Egala_Espi_4_33C",155.547946407647,-0.0295069996916436,32.962875,NA
"503","Egala_Espi_4_34C",150.943927501098,-0.029989512516469,33.8664361702128,NA
"504","Egala_Espi_4_36C",138.601878591837,-0.0272418571428572,35.5984929577465,NA
"505","Egala_Espi_4_38C",127.200392434389,-0.0251104434389141,38.0752615384615,NA
"506","Egala_Espi_4_42C",97.4823467787115,-0.0229885154061625,41.7873846153846,NA
"507","Egala_Espi_5_19C",205.98790921267,-0.0131088506787331,19.4867222222222,NA
"508","Egala_Espi_5_23C",214.120626064053,-0.0188625605985419,23.4314868421053,NA
"509","Egala_Espi_5_26C",207.524941263539,-0.0231234745968722,26.0245205479452,NA
"510","Egala_Espi_5_28C",200.651425975948,-0.0260681591119333,28.0266060606061,NA
"511","Egala_Espi_5_30C",192.241840699025,-0.0276246981606029,30.1480350877193,NA
"512","Egala_Espi_5_31C",184.586584401154,-0.0279323088023087,31.0144505494506,NA
"513","Egala_Espi_5_32C",176.903564588344,-0.032474116558742,32.2612542372881,NA
"514","Egala_Espi_5_33C",168.771494081633,-0.0302752040816327,33.070578125,NA
"515","Egala_Espi_5_34C",164.604240880159,-0.0287805446998076,33.9590392156863,NA
"516","Egala_Espi_5_36C",151.412896702788,-0.0289099749930536,35.6523472222222,NA
"517","Egala_Espi_5_38C",141.026260979853,-0.026685499084249,38.160328125,NA
"518","Egala_Espi_5_42C",107.048632098188,-0.0234625482174168,41.7428923076923,NA
"519","Egala_Espi_7_19C",190.34992,-0.0523199999999992,19.5133333333333,NA
"520","Egala_Espi_7_23C",203.077481921886,-0.0123273551408928,23.4507105263158,NA
"521","Egala_Espi_7_26C",190.214165024155,-0.0142814492753624,26.2425833333333,NA
"522","Egala_Espi_7_28C",190.742287053999,-0.0174572863978126,28.0772272727273,NA
"523","Egala_Espi_7_30C",181.325087692308,-0.0198161163227019,30.2068771929825,NA
"524","Egala_Espi_7_31C",176.047301612643,-0.0197502499596836,31.0909565217391,NA
"525","Egala_Espi_7_32C",170.648912871573,-0.0198574603174605,32.1573898305085,NA
"526","Egala_Espi_7_33C",162.229106933798,-0.020602055749129,33.0413174603175,NA
"527","Egala_Espi_7_34C",158.73708240083,-0.0197621039189081,33.9565882352941,NA
"528","Egala_Espi_7_36C",144.926484318182,-0.0191271066433567,35.8375915492958,NA
"529","Egala_Espi_7_38C",133.272540601504,-0.0195988721804512,38.1285230769231,NA
"530","Egala_Espi_7_42C",103.074572499841,-0.0195664265294454,42.1320923076923,NA
"531","Egala_Espi_8_19C",193.174263312432,-0.0138746795598193,19.404904109589,NA
"532","Egala_Espi_8_23C",201.766887429595,-0.0195100614439324,23.3798,NA
"533","Egala_Espi_8_26C",197.20333405658,-0.0226154185867895,25.9040684931507,NA
"534","Egala_Espi_8_28C",191.630225387755,-0.0288121224489798,27.9495909090909,NA
"535","Egala_Espi_8_30C",183.803408414581,-0.0297619499341241,30.0759649122807,NA
"536","Egala_Espi_8_31C",175.68575372444,-0.0304696445959103,30.9373406593407,NA
"537","Egala_Espi_8_32C",167.299937315726,-0.0348991884753903,32.0791034482759,NA
"538","Egala_Espi_8_33C",158.372593267707,-0.0339637839135654,32.9572380952381,NA
"539","Egala_Espi_8_34C",157.369210487669,-0.0332295235054673,33.8746862745098,NA
"540","Egala_Espi_8_36C",144.086986879433,-0.0312563829787235,35.552,NA
"541","Egala_Espi_8_38C",133.205177038328,-0.0269010801393729,37.98634375,NA
"542","Egala_Espi_8_42C",100.340194478096,-0.0242074076132259,41.9778615384615,NA
"543","Egala_Espi_9_19C",197.231877803496,-0.0039281666533642,19.4511917808219,NA
"544","Egala_Espi_9_23C",207.378937673469,-0.00621328571428584,23.69816,NA
"545","Egala_Espi_9_26C",203.80614923345,-0.00699034843205614,25.9613561643836,NA
"546","Egala_Espi_9_28C",199.080987787115,-0.0104029131652665,28.0002121212121,NA
"547","Egala_Espi_9_30C",192.636148810663,-0.0109449145591254,30.1143157894737,NA
"548","Egala_Espi_9_31C",188.946981697881,-0.012389066302119,31.0951098901099,NA
"549","Egala_Espi_9_32C",180.962658653061,-0.0105068163265307,32.0979655172414,NA
"550","Egala_Espi_9_33C",173.883198904919,-0.010927503152973,33.0084603174603,NA
"551","Egala_Espi_9_34C",169.62647082562,-0.0111578859681601,33.943637254902,NA
"552","Egala_Espi_9_36C",156.110589994156,-0.0125216130917594,35.6741142857143,NA
"553","Egala_Espi_9_38C",143.818174743522,-0.0122830988894765,38.0371875,NA
"554","Egala_Espi_9_42C",114.303312720908,-0.0130476308375311,41.8517538461538,NA
"555","EgalaBk_Espi_3_19C",199.987290509804,-5.83529411761719e-05,19.3944794520548,NA
"556","EgalaBk_Espi_3_23C",206.977750544465,-0.00158720508166975,23.3348157894737,NA
"557","EgalaBk_Espi_3_26C",202.852325520889,-0.000751062929667003,26.0527297297297,NA
"558","EgalaBk_Espi_3_28C",198.003176923077,-0.00202945590994404,27.9558939393939,NA
"559","EgalaBk_Espi_3_30C",192.110544247104,-0.00410100386100379,30.1419649122807,NA
"560","EgalaBk_Espi_3_31C",186.664583018109,-0.00359710261569397,30.9777582417582,NA
"561","EgalaBk_Espi_3_32C",178.849328484848,-0.00483404040404042,32.1154576271186,NA
"562","EgalaBk_Espi_3_33C",173.394037994564,-0.00341280579885224,32.9541641791045,NA
"563","EgalaBk_Espi_3_34C",168.00587975469,-0.00383083694083715,33.8666914893617,NA
"564","EgalaBk_Espi_3_36C",156.523987368421,-0.00575568694463428,35.7315915492958,NA
"565","EgalaBk_Espi_3_38C",143.480562469051,-0.00563806881243054,38.0631076923077,NA
"566","EgalaBk_Espi_3_42C",116.769233231095,-0.00683185616076146,41.9252307692308,NA
"567","EgalaBk_Espi_6_19C",204.627981045296,0.000197700348431446,19.4616527777778,NA
"568","EgalaBk_Espi_6_23C",214.673344519151,-0.000905749036790603,23.3316842105263,NA
"569","EgalaBk_Espi_6_26C",208.048121775898,-0.00275179704016874,26.0271621621622,NA
"570","EgalaBk_Espi_6_28C",201.612777037198,-0.00250992184107694,27.9740909090909,NA
"571","EgalaBk_Espi_6_30C",193.839882938775,-0.00522069387755083,30.1726875,NA
"572","EgalaBk_Espi_6_31C",190.314260537186,-0.00470667963323122,31.0004565217391,NA
"573","EgalaBk_Espi_6_32C",181.155969411765,-0.00474374331550763,32.1589137931035,NA
"574","EgalaBk_Espi_6_33C",175.381971489008,-0.00548603157815199,32.9971428571429,NA
"575","EgalaBk_Espi_6_34C",170.532979111323,-0.00454187609491963,33.8964901960784,NA
"576","EgalaBk_Espi_6_36C",159.08351652861,-0.00554021452838101,35.750323943662,NA
"577","EgalaBk_Espi_6_38C",145.524391442242,-0.00654455228981561,38.0128461538462,NA
"578","EgalaBk_Espi_6_42C",117.025492664165,-0.00656227016885537,42.0021846153846,NA
"579","Egala_Ibbet_1_23C",200.109049105004,-0.00604438336856943,23.1147857142857,NA
"580","Egala_Ibbet_1_26C",200.134394862007,-0.00873117914264983,26.1183918918919,NA
"581","Egala_Ibbet_1_28C",199.309550071124,-0.00853205310573724,28.1500416666667,NA
"582","Egala_Ibbet_1_30C",189.204684208576,-0.0104678521811613,30.1922105263158,NA
"583","Egala_Ibbet_1_31C",184.415492757974,-0.0118086116322699,30.9730263157895,NA
"584","Egala_Ibbet_1_32C",179.146026502777,-0.0117001051462422,31.8644318181818,NA
"585","Egala_Ibbet_1_33C",171.985446916975,-0.0114051401374934,32.8644358974359,NA
"586","Egala_Ibbet_1_34C",167.339932798791,-0.0127393140506276,34.1058255813954,NA
"587","Egala_Ibbet_1_36C",158.679648302789,-0.0120617128045199,35.8690887096774,NA
"588","Egala_Ibbet_1_38C",144.085631367281,-0.0127624281096512,37.8328095238095,NA
"589","Egala_Ibbet_1_42C",122.458629161177,-0.0146814229249012,41.8415333333333,NA
"590","Egala_Ibbet_2_23C",193.684293360161,-0.00661814218645198,23.1580612244898,NA
"591","Egala_Ibbet_2_26C",198.143571264525,-0.0101782365003419,26.17805,NA
"592","Egala_Ibbet_2_28C",193.550457324167,-0.0124663141195135,28.1642604166667,NA
"593","Egala_Ibbet_2_30C",184.011788289323,-0.0134106669449955,30.2595394736842,NA
"594","Egala_Ibbet_2_31C",181.725404365079,-0.0149095814132104,31.0253815789474,NA
"595","Egala_Ibbet_2_32C",175.180157823427,-0.0147659527972029,31.9324318181818,NA
"596","Egala_Ibbet_2_33C",168.95500023795,-0.0136102633190448,32.9549090909091,NA
"597","Egala_Ibbet_2_34C",164.319096702788,-0.0149941094748541,34.2237931034483,NA
"598","Egala_Ibbet_2_36C",155.66899550495,-0.0145811864876439,35.9536209677419,NA
"599","Egala_Ibbet_2_38C",140.893618646617,-0.0149785577580314,37.9276428571429,NA
"600","Egala_Ibbet_2_42C",121.817479876965,-0.0157502460697198,41.80032,NA
"601","Egala_Ibbet_3_23C",193.07415444668,-0.00751326626425199,23.3193711340206,NA
"602","Egala_Ibbet_3_26C",196.340378317335,-0.00700112930547645,26.0826666666667,NA
"603","Egala_Ibbet_3_28C",191.822725857995,-0.00139924735111445,28.1888489208633,NA
"604","Egala_Ibbet_3_30C",183.797334518415,-0.00888419910768968,30.2293026315789,NA
"605","Egala_Ibbet_3_31C",179.921960142026,-0.00930568860013607,30.9626933333333,NA
"606","Egala_Ibbet_3_32C",174.141298012734,-0.0101473278024312,31.8642159090909,NA
"607","Egala_Ibbet_3_33C",163.232198032787,-0.0145832786885246,32.9563246753247,NA
"608","Egala_Ibbet_3_34C",163.555125563194,-0.00780530936012711,34.3835,NA
"609","Egala_Ibbet_3_36C",155.215476385877,-0.00699489203966269,35.9367338709677,NA
"610","Egala_Ibbet_3_38C",142.773399232347,-0.00887743835112251,37.8378809523809,NA
"611","Egala_Ibbet_3_42C",121.422756616406,-0.0103601251778093,41.9799078947368,NA
"612","Egala_Ibbet_4_23C",174.185507350608,-0.00795261766261254,23.1235463917526,NA
"613","Egala_Ibbet_4_26C",180.823737046703,-0.0112932280219779,26.1492278481013,NA
"614","Egala_Ibbet_4_28C",175.403760140351,-0.0135082105263156,28.0327291666667,NA
"615","Egala_Ibbet_4_30C",166.247701176471,-0.0131667226890754,30.2246315789474,NA
"616","Egala_Ibbet_4_31C",164.101515152637,-0.0143460499537468,30.97124,NA
"617","Egala_Ibbet_4_32C",157.523377724359,-0.0145243589743591,31.9300681818182,NA
"618","Egala_Ibbet_4_33C",157.121130894214,-0.0084377323202807,32.9166233766234,NA
"619","Egala_Ibbet_4_34C",148.26630378273,-0.0138156448666423,34.2502325581395,NA
"620","Egala_Ibbet_4_36C",140.906575711241,-0.0124992586414605,35.9442903225806,NA
"621","Egala_Ibbet_4_38C",128.22164167685,-0.0139909704804168,37.915421686747,NA
"622","Egala_Ibbet_4_42C",108.570222060958,-0.0116821480406387,42.1258815789474,NA
"623","Egala_Ibbet_5_23C",200.922954903846,-0.00692894230769243,23.2050515463918,NA
"624","Egala_Ibbet_5_26C",200.132798701299,-0.00374886741165842,26.210075,NA
"625","Egala_Ibbet_5_28C",195.287407833669,-0.00966715627095894,28.0911354166667,NA
"626","Egala_Ibbet_5_30C",187.535786800805,-0.0108572233400403,30.2748026315789,NA
"627","Egala_Ibbet_5_31C",183.568557254397,-0.0116493178893179,31.0548266666667,NA
"628","Egala_Ibbet_5_32C",177.690907614335,-0.011747745231064,32.0126818181818,NA
"629","Egala_Ibbet_5_33C",172.411535602537,-0.0118328541226216,32.9501168831169,NA
"630","Egala_Ibbet_5_34C",166.194848068447,-0.0117412496759138,34.6140823529412,NA
"631","Egala_Ibbet_5_36C",158.849061746894,-0.0113297408552964,35.8210725806452,NA
"632","Egala_Ibbet_5_38C",143.555647642191,-0.0114534498138977,38.0402409638554,NA
"633","Egala_Ibbet_5_42C",120.608927958412,-0.0120482020363591,42.2546973684211,NA
"634","Egala_Ibbet_6_23C",198.051970087413,-0.022746486013986,23.1170824742268,NA
"635","Egala_Ibbet_6_26C",196.905725061224,-0.0272585306122448,26.111525,NA
"636","Egala_Ibbet_6_28C",190.00935703405,-0.0298806355606757,28.0198969072165,NA
"637","Egala_Ibbet_6_30C",181.453376038415,-0.0336222328931573,30.1577631578947,NA
"638","Egala_Ibbet_6_31C",177.37741765254,-0.0357304122283498,30.9740133333333,NA
"639","Egala_Ibbet_6_32C",172.99983,-0.0371728571428572,31.9264431818182,NA
"640","Egala_Ibbet_6_33C",160.675230057016,-0.0382121673454276,32.8578051948052,NA
"641","Egala_Ibbet_6_34C",158.841888849868,-0.0378287493016202,33.9831882352941,NA
"642","Egala_Ibbet_6_36C",159.929255530905,-0.0282405504546852,35.6688709677419,NA
"643","Egala_Ibbet_6_38C",139.012715668175,-0.0270503891402715,38.011843373494,NA
"644","Egala_Ibbet_6_42C",116.334131084082,-0.0237427181385509,42.07875,NA
"645","Egala_Ibbet_8_23C",187.347887482058,-0.0178330890685201,23.1447010309278,NA
"646","Egala_Ibbet_8_26C",191.194444423077,-0.0226309615384613,26.1117901234568,NA
"647","Egala_Ibbet_8_28C",184.483180864865,-0.0250878918918918,28.0507628865979,NA
"648","Egala_Ibbet_8_30C",175.775049850407,-0.0264911241361213,30.2303684210526,NA
"649","Egala_Ibbet_8_31C",172.517508667122,-0.0296786261107313,30.9676486486486,NA
"650","Egala_Ibbet_8_32C",167.22279472837,-0.0311143460764585,31.8815227272727,NA
"651","Egala_Ibbet_8_33C",158.234517629179,-0.0294787125488493,32.8000384615385,NA
"652","Egala_Ibbet_8_34C",154.041854262969,-0.0318264963695215,34.100880952381,NA
"653","Egala_Ibbet_8_36C",148.037312647191,-0.0272336291855247,35.7754758064516,NA
"654","Egala_Ibbet_8_38C",133.451853769658,-0.0249085800185016,37.9587195121951,NA
"655","Egala_Ibbet_8_42C",99.0575484320558,-0.0233689895470384,42.3986226415094,NA
"656","Egala_Ibbet_9_23C",195.694476336996,-0.00611484432234427,23.2726703296703,NA
"657","Egala_Ibbet_9_26C",199.312545307514,-0.00894382170259411,26.1489375,NA
"658","Egala_Ibbet_9_28C",197.874778287583,-0.0111978332115646,28.1087395833333,NA
"659","Egala_Ibbet_9_30C",187.811067185723,-0.0102928177762225,30.2354473684211,NA
"660","Egala_Ibbet_9_31C",184.330731841484,-0.0116710768961596,30.9882702702703,NA
"661","Egala_Ibbet_9_32C",179.271366785635,-0.0131534424287301,31.8993863636364,NA
"662","Egala_Ibbet_9_33C",171.646986969697,-0.0121324242424243,32.8875194805195,NA
"663","Egala_Ibbet_9_34C",166.312049449565,-0.0135737231182794,34.1184166666667,NA
"664","Egala_Ibbet_9_36C",157.845228844885,-0.0122515511551156,35.9158225806452,NA
"665","Egala_Ibbet_9_38C",144.304470905433,-0.013531740005249,37.9593048780488,NA
"666","Egala_Ibbet_9_42C",123.059595716552,-0.0131113167636172,42.0372105263158,NA
"667","EgalaBk_Ibbet_10_23C",209.646183734475,0.000590527084855335,23.100975,NA
"668","EgalaBk_Ibbet_10_26C",211.797788732568,-0.00136395162285571,26.1810375,NA
"669","EgalaBk_Ibbet_10_28C",207.193078347179,-0.00192525623044544,28.1228865979381,NA
"670","EgalaBk_Ibbet_10_30C",198.720414419875,-0.00224580380773515,30.2811298701299,NA
"671","EgalaBk_Ibbet_10_31C",194.277343309323,-0.00271811370506168,30.9965945945946,NA
"672","EgalaBk_Ibbet_10_32C",188.365645264344,-0.00310083124933956,31.9628068181818,NA
"673","EgalaBk_Ibbet_10_33C",182.602663684737,-0.00238377765173035,32.9045974025974,NA
"674","EgalaBk_Ibbet_10_34C",176.134233849765,-0.00363384976525816,34.127630952381,NA
"675","EgalaBk_Ibbet_10_36C",166.443312468123,-0.00378972925808373,35.9408548387097,NA
"676","EgalaBk_Ibbet_10_38C",152.743315865385,-0.00530686188811177,37.9484634146341,NA
"677","EgalaBk_Ibbet_10_42C",127.913975070423,-0.00645816901408452,42.17956,NA
"678","EgalaBk_Ibbet_7_23C",194.555406342711,0.000422046035805844,23.1709504950495,NA
"679","EgalaBk_Ibbet_7_26C",194.275244458379,-0.000680879799344226,26.238025,NA
"680","EgalaBk_Ibbet_7_28C",192.096795398478,-0.00240547633627863,28.2693695652174,NA
"681","EgalaBk_Ibbet_7_30C",180.967865637208,3.69128549011325e-06,30.265085106383,NA
"682","EgalaBk_Ibbet_7_31C",178.266549571184,-0.00247905469792258,31.0452702702703,NA
"683","EgalaBk_Ibbet_7_32C",172.949438305085,-0.00173555815312691,32.0024318181818,NA
"684","EgalaBk_Ibbet_7_33C",168.154695128205,-0.00235714743589741,32.9397435897436,NA
"685","EgalaBk_Ibbet_7_34C",162.594653839038,-0.00244338575393133,34.1800952380952,NA
"686","EgalaBk_Ibbet_7_36C",152.959990416579,-0.00312359562381648,35.9084193548387,NA
"687","EgalaBk_Ibbet_7_38C",140.222629889866,-0.00405650986083846,38.0042195121951,NA
"688","EgalaBk_Ibbet_7_42C",117.866218993964,-0.00573287726358134,42.1717631578947,NA
