PreSens Measurement Studio 2,2.1.0.443,,,,,,,,,,,,,,,,,,,,,,,,,,,,,,,,,,,,,,,,,,,,,,,,,,,,,
Date,Time,Channel,User,SensorID,Sensor_Name,delta_t,Time_Unit,Value,O2_Unit,Mode,Phase,Phase_Unit,Amplitude,Amplitude_Unit,Temp,Temp_Unit,Pressure,Pressure_Unit,Salinity,Salinity_Unit,Error,Cal0,Cal0_Unit,T0,T0_Unit,O2Cal2nd,O2_Unit,Cal2nd,Cal2nd_Unit,T2nd,T2nd_Unit,CalPressure,CalPressure_Unit,f1,dPhi1,dkSv1,dPhi2,dkSv2,m,Cal_Mode,SignalLEDCurrent,User_Signal_Intensity,ReferenceLEDCurrent,Reference_Amplitude,Device_Serial,FwVersion,SwVersion,Sensor_Type,BatchID,Calibration_Date,Sensor_Lot,PreSens_Calibr,Battery_Voltage,Battery_Voltage_Unit
8/13/18,10:52:27,7,default,178797683,O7,4.992,min,193.71,μmol/L,Humid,23.517,deg,147396,µV,19.508,°C,1016,hPa,39,pmil,0,55.49,deg,20,°C,100,%a.s.,22.05,deg,20,°C,976,hPa,0.861,-0.02617,0.00035,0,0,13.56,Humid,71.27,1,94,360476.77,SABD0001000008,AAV1.0.0.11,2.1.0.443,PSt7-10,171011-007,6/6/18 9:06,1443-01,0,no battery,V
8/13/18,10:52:28,7,default,178797683,O7,5.01,min,193.588,μmol/L,Humid,23.521,deg,147414,µV,19.518,°C,1016,hPa,39,pmil,0,55.49,deg,20,°C,100,%a.s.,22.05,deg,20,°C,976,hPa,0.861,-0.02617,0.00035,0,0,13.56,Humid,71.27,1,94,360477.65,SABD0001000008,AAV1.0.0.11,2.1.0.443,PSt7-10,171011-007,6/6/18 9:06,1443-01,0,no battery,V
8/13/18,10:52:29,7,default,178797683,O7,5.026,min,193.756,μmol/L,Humid,23.516,deg,147355,µV,19.503,°C,1016,hPa,39,pmil,0,55.49,deg,20,°C,100,%a.s.,22.05,deg,20,°C,976,hPa,0.861,-0.02617,0.00035,0,0,13.56,Humid,71.27,1,94,360478.33,SABD0001000008,AAV1.0.0.11,2.1.0.443,PSt7-10,171011-007,6/6/18 9:06,1443-01,0,no battery,V
8/13/18,10:52:30,7,default,178797683,O7,5.043,min,193.797,μmol/L,Humid,23.518,deg,147318,µV,19.489,°C,1016,hPa,39,pmil,0,55.49,deg,20,°C,100,%a.s.,22.05,deg,20,°C,976,hPa,0.861,-0.02617,0.00035,0,0,13.56,Humid,71.27,1,94,360463.57,SABD0001000008,AAV1.0.0.11,2.1.0.443,PSt7-10,171011-007,6/6/18 9:06,1443-01,0,no battery,V
8/13/18,10:52:31,7,default,178797683,O7,5.059,min,193.684,μmol/L,Humid,23.518,deg,147237,µV,19.51,°C,1016,hPa,39,pmil,0,55.49,deg,20,°C,100,%a.s.,22.05,deg,20,°C,976,hPa,0.861,-0.02617,0.00035,0,0,13.56,Humid,71.27,1,94,360464.26,SABD0001000008,AAV1.0.0.11,2.1.0.443,PSt7-10,171011-007,6/6/18 9:06,1443-01,0,no battery,V
8/13/18,10:52:32,7,default,178797683,O7,5.076,min,193.587,μmol/L,Humid,23.523,deg,147272,µV,19.513,°C,1016,hPa,39,pmil,0,55.49,deg,20,°C,100,%a.s.,22.05,deg,20,°C,976,hPa,0.861,-0.02617,0.00035,0,0,13.56,Humid,71.27,1,94,360431.89,SABD0001000008,AAV1.0.0.11,2.1.0.443,PSt7-10,171011-007,6/6/18 9:06,1443-01,0,no battery,V
8/13/18,10:52:33,7,default,178797683,O7,5.093,min,193.607,μmol/L,Humid,23.521,deg,147328,µV,19.515,°C,1016,hPa,39,pmil,0,55.49,deg,20,°C,100,%a.s.,22.05,deg,20,°C,976,hPa,0.861,-0.02617,0.00035,0,0,13.56,Humid,71.27,1,94,360452.49,SABD0001000008,AAV1.0.0.11,2.1.0.443,PSt7-10,171011-007,6/6/18 9:06,1443-01,0,no battery,V
8/13/18,10:52:34,7,default,178797683,O7,5.109,min,193.552,μmol/L,Humid,23.521,deg,147269,µV,19.525,°C,1016,hPa,39,pmil,0,55.49,deg,20,°C,100,%a.s.,22.05,deg,20,°C,976,hPa,0.861,-0.02617,0.00035,0,0,13.56,Humid,71.27,1,94,360431.58,SABD0001000008,AAV1.0.0.11,2.1.0.443,PSt7-10,171011-007,6/6/18 9:06,1443-01,0,no battery,V
8/13/18,10:52:35,7,default,178797683,O7,5.127,min,193.473,μmol/L,Humid,23.527,deg,147267,µV,19.521,°C,1016,hPa,39,pmil,0,55.49,deg,20,°C,100,%a.s.,22.05,deg,20,°C,976,hPa,0.861,-0.02617,0.00035,0,0,13.56,Humid,71.27,1,94,360433.76,SABD0001000008,AAV1.0.0.11,2.1.0.443,PSt7-10,171011-007,6/6/18 9:06,1443-01,0,no battery,V
8/13/18,10:52:36,7,default,178797683,O7,5.143,min,193.567,μmol/L,Humid,23.523,deg,147238,µV,19.516,°C,1016,hPa,39,pmil,0,55.49,deg,20,°C,100,%a.s.,22.05,deg,20,°C,976,hPa,0.861,-0.02617,0.00035,0,0,13.56,Humid,71.27,1,94,360413.61,SABD0001000008,AAV1.0.0.11,2.1.0.443,PSt7-10,171011-007,6/6/18 9:06,1443-01,0,no battery,V
8/13/18,10:52:37,7,default,178797683,O7,5.159,min,193.588,μmol/L,Humid,23.521,deg,147234,µV,19.518,°C,1016,hPa,39,pmil,0,55.49,deg,20,°C,100,%a.s.,22.05,deg,20,°C,976,hPa,0.861,-0.02617,0.00035,0,0,13.56,Humid,71.27,1,94,360415.42,SABD0001000008,AAV1.0.0.11,2.1.0.443,PSt7-10,171011-007,6/6/18 9:06,1443-01,0,no battery,V
8/13/18,10:52:38,7,default,178797683,O7,5.176,min,193.551,μmol/L,Humid,23.526,deg,147288,µV,19.51,°C,1016,hPa,39,pmil,0,55.49,deg,20,°C,100,%a.s.,22.05,deg,20,°C,976,hPa,0.861,-0.02617,0.00035,0,0,13.56,Humid,71.27,1,94,360410.61,SABD0001000008,AAV1.0.0.11,2.1.0.443,PSt7-10,171011-007,6/6/18 9:06,1443-01,0,no battery,V
8/13/18,10:52:39,7,default,178797683,O7,5.192,min,193.496,μmol/L,Humid,23.527,deg,147270,µV,19.517,°C,1016,hPa,39,pmil,0,55.49,deg,20,°C,100,%a.s.,22.05,deg,20,°C,976,hPa,0.861,-0.02617,0.00035,0,0,13.56,Humid,71.27,1,94,360420.39,SABD0001000008,AAV1.0.0.11,2.1.0.443,PSt7-10,171011-007,6/6/18 9:06,1443-01,0,no battery,V
8/13/18,10:52:40,7,default,178797683,O7,5.209,min,193.521,μmol/L,Humid,23.527,deg,147196,µV,19.513,°C,1016,hPa,39,pmil,0,55.49,deg,20,°C,100,%a.s.,22.05,deg,20,°C,976,hPa,0.861,-0.02617,0.00035,0,0,13.56,Humid,71.27,1,94,360408.59,SABD0001000008,AAV1.0.0.11,2.1.0.443,PSt7-10,171011-007,6/6/18 9:06,1443-01,0,no battery,V
8/13/18,10:52:41,7,default,178797683,O7,5.226,min,193.615,μmol/L,Humid,23.523,deg,147176,µV,19.508,°C,1016,hPa,39,pmil,0,55.49,deg,20,°C,100,%a.s.,22.05,deg,20,°C,976,hPa,0.861,-0.02617,0.00035,0,0,13.56,Humid,71.27,1,94,360409.33,SABD0001000008,AAV1.0.0.11,2.1.0.443,PSt7-10,171011-007,6/6/18 9:06,1443-01,0,no battery,V
8/13/18,10:52:42,7,default,178797683,O7,5.243,min,193.532,μmol/L,Humid,23.527,deg,147312,µV,19.511,°C,1016,hPa,39,pmil,0,55.49,deg,20,°C,100,%a.s.,22.05,deg,20,°C,976,hPa,0.861,-0.02617,0.00035,0,0,13.56,Humid,71.27,1,94,360411.3,SABD0001000008,AAV1.0.0.11,2.1.0.443,PSt7-10,171011-007,6/6/18 9:06,1443-01,0,no battery,V
8/13/18,10:52:43,7,default,178797683,O7,5.26,min,193.511,μmol/L,Humid,23.527,deg,147284,µV,19.515,°C,1016,hPa,39,pmil,0,55.49,deg,20,°C,100,%a.s.,22.05,deg,20,°C,976,hPa,0.861,-0.02617,0.00035,0,0,13.56,Humid,71.27,1,94,360394.16,SABD0001000008,AAV1.0.0.11,2.1.0.443,PSt7-10,171011-007,6/6/18 9:06,1443-01,0,no battery,V
8/13/18,10:52:44,7,default,178797683,O7,5.277,min,193.532,μmol/L,Humid,23.526,deg,147340,µV,19.514,°C,1016,hPa,39,pmil,0,55.49,deg,20,°C,100,%a.s.,22.05,deg,20,°C,976,hPa,0.861,-0.02617,0.00035,0,0,13.56,Humid,71.27,1,94,360380.92,SABD0001000008,AAV1.0.0.11,2.1.0.443,PSt7-10,171011-007,6/6/18 9:06,1443-01,0,no battery,V
8/13/18,10:52:45,7,default,178797683,O7,5.293,min,193.545,μmol/L,Humid,23.526,deg,147263,µV,19.511,°C,1016,hPa,39,pmil,0,55.49,deg,20,°C,100,%a.s.,22.05,deg,20,°C,976,hPa,0.861,-0.02617,0.00035,0,0,13.56,Humid,71.27,1,94,360379.11,SABD0001000008,AAV1.0.0.11,2.1.0.443,PSt7-10,171011-007,6/6/18 9:06,1443-01,0,no battery,V
8/13/18,10:52:46,7,default,178797683,O7,5.309,min,193.498,μmol/L,Humid,23.53,deg,147275,µV,19.508,°C,1016,hPa,39,pmil,0,55.49,deg,20,°C,100,%a.s.,22.05,deg,20,°C,976,hPa,0.861,-0.02617,0.00035,0,0,13.56,Humid,71.27,1,94,360372.76,SABD0001000008,AAV1.0.0.11,2.1.0.443,PSt7-10,171011-007,6/6/18 9:06,1443-01,0,no battery,V
8/13/18,10:52:47,7,default,178797683,O7,5.327,min,193.55,μmol/L,Humid,23.528,deg,147221,µV,19.505,°C,1016,hPa,39,pmil,0,55.49,deg,20,°C,100,%a.s.,22.05,deg,20,°C,976,hPa,0.861,-0.02617,0.00035,0,0,13.56,Humid,71.27,1,94,360386.58,SABD0001000008,AAV1.0.0.11,2.1.0.443,PSt7-10,171011-007,6/6/18 9:06,1443-01,0,no battery,V
8/13/18,10:52:48,7,default,178797683,O7,5.343,min,193.491,μmol/L,Humid,23.529,deg,147205,µV,19.512,°C,1016,hPa,39,pmil,0,55.49,deg,20,°C,100,%a.s.,22.05,deg,20,°C,976,hPa,0.861,-0.02617,0.00035,0,0,13.56,Humid,71.27,1,94,360361.8,SABD0001000008,AAV1.0.0.11,2.1.0.443,PSt7-10,171011-007,6/6/18 9:06,1443-01,0,no battery,V
8/13/18,10:52:49,7,default,178797683,O7,5.359,min,193.464,μmol/L,Humid,23.531,deg,147134,µV,19.511,°C,1016,hPa,39,pmil,0,55.49,deg,20,°C,100,%a.s.,22.05,deg,20,°C,976,hPa,0.861,-0.02617,0.00035,0,0,13.56,Humid,71.27,1,94,360355.28,SABD0001000008,AAV1.0.0.11,2.1.0.443,PSt7-10,171011-007,6/6/18 9:06,1443-01,0,no battery,V
8/13/18,10:52:50,7,default,178797683,O7,5.376,min,193.507,μmol/L,Humid,23.531,deg,147257,µV,19.504,°C,1016,hPa,39,pmil,0,55.49,deg,20,°C,100,%a.s.,22.05,deg,20,°C,976,hPa,0.861,-0.02617,0.00035,0,0,13.56,Humid,71.27,1,94,360360,SABD0001000008,AAV1.0.0.11,2.1.0.443,PSt7-10,171011-007,6/6/18 9:06,1443-01,0,no battery,V
8/13/18,10:52:51,7,default,178797683,O7,5.392,min,193.452,μmol/L,Humid,23.529,deg,147211,µV,19.519,°C,1016,hPa,39,pmil,0,55.49,deg,20,°C,100,%a.s.,22.05,deg,20,°C,976,hPa,0.861,-0.02617,0.00035,0,0,13.56,Humid,71.27,1,94,360342.06,SABD0001000008,AAV1.0.0.11,2.1.0.443,PSt7-10,171011-007,6/6/18 9:06,1443-01,0,no battery,V
8/13/18,10:52:52,7,default,178797683,O7,5.409,min,193.301,μmol/L,Humid,23.535,deg,147177,µV,19.529,°C,1016,hPa,39,pmil,0,55.49,deg,20,°C,100,%a.s.,22.05,deg,20,°C,976,hPa,0.861,-0.02617,0.00035,0,0,13.56,Humid,71.27,1,94,360355.21,SABD0001000008,AAV1.0.0.11,2.1.0.443,PSt7-10,171011-007,6/6/18 9:06,1443-01,0,no battery,V
8/13/18,10:52:53,7,default,178797683,O7,5.426,min,193.463,μmol/L,Humid,23.532,deg,147179,µV,19.509,°C,1016,hPa,39,pmil,0,55.49,deg,20,°C,100,%a.s.,22.05,deg,20,°C,976,hPa,0.861,-0.02617,0.00035,0,0,13.56,Humid,71.27,1,94,360353.65,SABD0001000008,AAV1.0.0.11,2.1.0.443,PSt7-10,171011-007,6/6/18 9:06,1443-01,0,no battery,V
8/13/18,10:52:54,7,default,178797683,O7,5.443,min,193.397,μmol/L,Humid,23.532,deg,147183,µV,19.52,°C,1016,hPa,39,pmil,0,55.49,deg,20,°C,100,%a.s.,22.05,deg,20,°C,976,hPa,0.861,-0.02617,0.00035,0,0,13.56,Humid,71.27,1,94,360343.29,SABD0001000008,AAV1.0.0.11,2.1.0.443,PSt7-10,171011-007,6/6/18 9:06,1443-01,0,no battery,V
8/13/18,10:52:55,7,default,178797683,O7,5.46,min,193.387,μmol/L,Humid,23.535,deg,147187,µV,19.514,°C,1016,hPa,39,pmil,0,55.49,deg,20,°C,100,%a.s.,22.05,deg,20,°C,976,hPa,0.861,-0.02617,0.00035,0,0,13.56,Humid,71.27,1,94,360346.04,SABD0001000008,AAV1.0.0.11,2.1.0.443,PSt7-10,171011-007,6/6/18 9:06,1443-01,0,no battery,V
8/13/18,10:52:56,7,default,178797683,O7,5.476,min,193.361,μmol/L,Humid,23.534,deg,147194,µV,19.521,°C,1016,hPa,39,pmil,0,55.49,deg,20,°C,100,%a.s.,22.05,deg,20,°C,976,hPa,0.861,-0.02617,0.00035,0,0,13.56,Humid,71.27,1,94,360331.96,SABD0001000008,AAV1.0.0.11,2.1.0.443,PSt7-10,171011-007,6/6/18 9:06,1443-01,0,no battery,V
8/13/18,10:52:57,7,default,178797683,O7,5.492,min,193.41,μmol/L,Humid,23.531,deg,147137,µV,19.521,°C,1016,hPa,39,pmil,0,55.49,deg,20,°C,100,%a.s.,22.05,deg,20,°C,976,hPa,0.861,-0.02617,0.00035,0,0,13.56,Humid,71.27,1,94,360316.66,SABD0001000008,AAV1.0.0.11,2.1.0.443,PSt7-10,171011-007,6/6/18 9:06,1443-01,0,no battery,V
8/13/18,10:52:58,7,default,178797683,O7,5.509,min,193.412,μmol/L,Humid,23.535,deg,147166,µV,19.509,°C,1016,hPa,39,pmil,0,55.49,deg,20,°C,100,%a.s.,22.05,deg,20,°C,976,hPa,0.861,-0.02617,0.00035,0,0,13.56,Humid,71.27,1,94,360303.04,SABD0001000008,AAV1.0.0.11,2.1.0.443,PSt7-10,171011-007,6/6/18 9:06,1443-01,0,no battery,V
8/13/18,10:52:59,7,default,178797683,O7,5.526,min,193.399,μmol/L,Humid,23.537,deg,147212,µV,19.506,°C,1016,hPa,39,pmil,0,55.49,deg,20,°C,100,%a.s.,22.05,deg,20,°C,976,hPa,0.861,-0.02617,0.00035,0,0,13.56,Humid,71.27,1,94,360324.93,SABD0001000008,AAV1.0.0.11,2.1.0.443,PSt7-10,171011-007,6/6/18 9:06,1443-01,0,no battery,V
8/13/18,10:53:00,7,default,178797683,O7,5.543,min,193.392,μmol/L,Humid,23.538,deg,147235,µV,19.504,°C,1016,hPa,39,pmil,0,55.49,deg,20,°C,100,%a.s.,22.05,deg,20,°C,976,hPa,0.861,-0.02617,0.00035,0,0,13.56,Humid,71.27,1,94,360322.05,SABD0001000008,AAV1.0.0.11,2.1.0.443,PSt7-10,171011-007,6/6/18 9:06,1443-01,0,no battery,V
8/13/18,10:53:01,7,default,178797683,O7,5.559,min,193.339,μmol/L,Humid,23.534,deg,147114,µV,19.525,°C,1016,hPa,39,pmil,0,55.49,deg,20,°C,100,%a.s.,22.05,deg,20,°C,976,hPa,0.861,-0.02617,0.00035,0,0,13.56,Humid,71.27,1,94,360309.27,SABD0001000008,AAV1.0.0.11,2.1.0.443,PSt7-10,171011-007,6/6/18 9:06,1443-01,0,no battery,V
8/13/18,10:53:02,7,default,178797683,O7,5.576,min,193.337,μmol/L,Humid,23.536,deg,147236,µV,19.52,°C,1016,hPa,39,pmil,0,55.49,deg,20,°C,100,%a.s.,22.05,deg,20,°C,976,hPa,0.861,-0.02617,0.00035,0,0,13.56,Humid,71.27,1,94,360319.87,SABD0001000008,AAV1.0.0.11,2.1.0.443,PSt7-10,171011-007,6/6/18 9:06,1443-01,0,no battery,V
8/13/18,10:53:03,7,default,178797683,O7,5.593,min,193.413,μmol/L,Humid,23.536,deg,147251,µV,19.506,°C,1016,hPa,39,pmil,0,55.49,deg,20,°C,100,%a.s.,22.05,deg,20,°C,976,hPa,0.861,-0.02617,0.00035,0,0,13.56,Humid,71.27,1,94,360323.87,SABD0001000008,AAV1.0.0.11,2.1.0.443,PSt7-10,171011-007,6/6/18 9:06,1443-01,0,no battery,V
8/13/18,10:53:04,7,default,178797683,O7,5.609,min,193.396,μmol/L,Humid,23.539,deg,147280,µV,19.5,°C,1016,hPa,39,pmil,0,55.49,deg,20,°C,100,%a.s.,22.05,deg,20,°C,976,hPa,0.861,-0.02617,0.00035,0,0,13.56,Humid,71.27,1,94,360295.3,SABD0001000008,AAV1.0.0.11,2.1.0.443,PSt7-10,171011-007,6/6/18 9:06,1443-01,0,no battery,V
8/13/18,10:53:05,7,default,178797683,O7,5.626,min,193.297,μmol/L,Humid,23.541,deg,147224,µV,19.512,°C,1016,hPa,39,pmil,0,55.49,deg,20,°C,100,%a.s.,22.05,deg,20,°C,976,hPa,0.861,-0.02617,0.00035,0,0,13.56,Humid,71.27,1,94,360306.9,SABD0001000008,AAV1.0.0.11,2.1.0.443,PSt7-10,171011-007,6/6/18 9:06,1443-01,0,no battery,V
8/13/18,10:53:06,7,default,178797683,O7,5.643,min,193.274,μmol/L,Humid,23.54,deg,147203,µV,19.519,°C,1016,hPa,39,pmil,0,55.49,deg,20,°C,100,%a.s.,22.05,deg,20,°C,976,hPa,0.861,-0.02617,0.00035,0,0,13.56,Humid,71.27,1,94,360297.58,SABD0001000008,AAV1.0.0.11,2.1.0.443,PSt7-10,171011-007,6/6/18 9:06,1443-01,0,no battery,V
8/13/18,10:53:07,7,default,178797683,O7,5.66,min,193.36,μmol/L,Humid,23.538,deg,147273,µV,19.51,°C,1016,hPa,39,pmil,0,55.49,deg,20,°C,100,%a.s.,22.05,deg,20,°C,976,hPa,0.861,-0.02617,0.00035,0,0,13.56,Humid,71.27,1,94,360295.1,SABD0001000008,AAV1.0.0.11,2.1.0.443,PSt7-10,171011-007,6/6/18 9:06,1443-01,0,no battery,V
8/13/18,10:53:08,7,default,178797683,O7,5.676,min,193.296,μmol/L,Humid,23.541,deg,147236,µV,19.512,°C,1016,hPa,39,pmil,0,55.49,deg,20,°C,100,%a.s.,22.05,deg,20,°C,976,hPa,0.861,-0.02617,0.00035,0,0,13.56,Humid,71.27,1,94,360291.87,SABD0001000008,AAV1.0.0.11,2.1.0.443,PSt7-10,171011-007,6/6/18 9:06,1443-01,0,no battery,V
8/13/18,10:53:09,7,default,178797683,O7,5.693,min,193.387,μmol/L,Humid,23.539,deg,147169,µV,19.502,°C,1016,hPa,39,pmil,0,55.49,deg,20,°C,100,%a.s.,22.05,deg,20,°C,976,hPa,0.861,-0.02617,0.00035,0,0,13.56,Humid,71.27,1,94,360282.62,SABD0001000008,AAV1.0.0.11,2.1.0.443,PSt7-10,171011-007,6/6/18 9:06,1443-01,0,no battery,V
8/13/18,10:53:10,7,default,178797683,O7,5.71,min,193.312,μmol/L,Humid,23.538,deg,147181,µV,19.518,°C,1016,hPa,39,pmil,0,55.49,deg,20,°C,100,%a.s.,22.05,deg,20,°C,976,hPa,0.861,-0.02617,0.00035,0,0,13.56,Humid,71.27,1,94,360284.1,SABD0001000008,AAV1.0.0.11,2.1.0.443,PSt7-10,171011-007,6/6/18 9:06,1443-01,0,no battery,V
8/13/18,10:53:11,7,default,178797683,O7,5.726,min,193.274,μmol/L,Humid,23.538,deg,147155,µV,19.525,°C,1016,hPa,39,pmil,0,55.49,deg,20,°C,100,%a.s.,22.05,deg,20,°C,976,hPa,0.861,-0.02617,0.00035,0,0,13.56,Humid,71.27,1,94,360262.57,SABD0001000008,AAV1.0.0.11,2.1.0.443,PSt7-10,171011-007,6/6/18 9:06,1443-01,0,no battery,V
8/13/18,10:53:12,7,default,178797683,O7,5.743,min,193.231,μmol/L,Humid,23.54,deg,147182,µV,19.527,°C,1016,hPa,39,pmil,0,55.49,deg,20,°C,100,%a.s.,22.05,deg,20,°C,976,hPa,0.861,-0.02617,0.00035,0,0,13.56,Humid,71.27,1,94,360265.17,SABD0001000008,AAV1.0.0.11,2.1.0.443,PSt7-10,171011-007,6/6/18 9:06,1443-01,0,no battery,V
8/13/18,10:53:13,7,default,178797683,O7,5.76,min,193.18,μmol/L,Humid,23.544,deg,147209,µV,19.525,°C,1016,hPa,39,pmil,0,55.49,deg,20,°C,100,%a.s.,22.05,deg,20,°C,976,hPa,0.861,-0.02617,0.00035,0,0,13.56,Humid,71.27,1,94,360269.42,SABD0001000008,AAV1.0.0.11,2.1.0.443,PSt7-10,171011-007,6/6/18 9:06,1443-01,0,no battery,V
8/13/18,10:53:14,7,default,178797683,O7,5.776,min,193.276,μmol/L,Humid,23.539,deg,147208,µV,19.522,°C,1016,hPa,39,pmil,0,55.49,deg,20,°C,100,%a.s.,22.05,deg,20,°C,976,hPa,0.861,-0.02617,0.00035,0,0,13.56,Humid,71.27,1,94,360266.45,SABD0001000008,AAV1.0.0.11,2.1.0.443,PSt7-10,171011-007,6/6/18 9:06,1443-01,0,no battery,V
8/13/18,10:53:15,7,default,178797683,O7,5.792,min,193.265,μmol/L,Humid,23.544,deg,147241,µV,19.509,°C,1016,hPa,39,pmil,0,55.49,deg,20,°C,100,%a.s.,22.05,deg,20,°C,976,hPa,0.861,-0.02617,0.00035,0,0,13.56,Humid,71.27,1,94,360263.64,SABD0001000008,AAV1.0.0.11,2.1.0.443,PSt7-10,171011-007,6/6/18 9:06,1443-01,0,no battery,V
8/13/18,10:53:16,7,default,178797683,O7,5.809,min,193.239,μmol/L,Humid,23.542,deg,147230,µV,19.52,°C,1016,hPa,39,pmil,0,55.49,deg,20,°C,100,%a.s.,22.05,deg,20,°C,976,hPa,0.861,-0.02617,0.00035,0,0,13.56,Humid,71.27,1,94,360257.74,SABD0001000008,AAV1.0.0.11,2.1.0.443,PSt7-10,171011-007,6/6/18 9:06,1443-01,0,no battery,V
8/13/18,10:53:17,7,default,178797683,O7,5.826,min,193.243,μmol/L,Humid,23.543,deg,147262,µV,19.516,°C,1016,hPa,39,pmil,0,55.49,deg,20,°C,100,%a.s.,22.05,deg,20,°C,976,hPa,0.861,-0.02617,0.00035,0,0,13.56,Humid,71.27,1,94,360254.15,SABD0001000008,AAV1.0.0.11,2.1.0.443,PSt7-10,171011-007,6/6/18 9:06,1443-01,0,no battery,V
8/13/18,10:53:18,7,default,178797683,O7,5.843,min,193.235,μmol/L,Humid,23.545,deg,147238,µV,19.512,°C,1016,hPa,39,pmil,0,55.49,deg,20,°C,100,%a.s.,22.05,deg,20,°C,976,hPa,0.861,-0.02617,0.00035,0,0,13.56,Humid,71.27,1,94,360260.9,SABD0001000008,AAV1.0.0.11,2.1.0.443,PSt7-10,171011-007,6/6/18 9:06,1443-01,0,no battery,V
8/13/18,10:53:19,7,default,178797683,O7,5.86,min,193.242,μmol/L,Humid,23.545,deg,147171,µV,19.511,°C,1016,hPa,39,pmil,0,55.49,deg,20,°C,100,%a.s.,22.05,deg,20,°C,976,hPa,0.861,-0.02617,0.00035,0,0,13.56,Humid,71.27,1,94,360248.42,SABD0001000008,AAV1.0.0.11,2.1.0.443,PSt7-10,171011-007,6/6/18 9:06,1443-01,0,no battery,V
8/13/18,10:53:20,7,default,178797683,O7,5.876,min,193.217,μmol/L,Humid,23.545,deg,147237,µV,19.515,°C,1016,hPa,39,pmil,0,55.49,deg,20,°C,100,%a.s.,22.05,deg,20,°C,976,hPa,0.861,-0.02617,0.00035,0,0,13.56,Humid,71.27,1,94,360243.76,SABD0001000008,AAV1.0.0.11,2.1.0.443,PSt7-10,171011-007,6/6/18 9:06,1443-01,0,no battery,V
8/13/18,10:53:21,7,default,178797683,O7,5.893,min,193.252,μmol/L,Humid,23.545,deg,147212,µV,19.509,°C,1016,hPa,39,pmil,0,55.49,deg,20,°C,100,%a.s.,22.05,deg,20,°C,976,hPa,0.861,-0.02617,0.00035,0,0,13.56,Humid,71.27,1,94,360244.87,SABD0001000008,AAV1.0.0.11,2.1.0.443,PSt7-10,171011-007,6/6/18 9:06,1443-01,0,no battery,V
8/13/18,10:53:22,7,default,178797683,O7,5.909,min,193.202,μmol/L,Humid,23.545,deg,147223,µV,19.518,°C,1016,hPa,39,pmil,0,55.49,deg,20,°C,100,%a.s.,22.05,deg,20,°C,976,hPa,0.861,-0.02617,0.00035,0,0,13.56,Humid,71.27,1,94,360236.03,SABD0001000008,AAV1.0.0.11,2.1.0.443,PSt7-10,171011-007,6/6/18 9:06,1443-01,0,no battery,V
8/13/18,10:53:23,7,default,178797683,O7,5.927,min,193.211,μmol/L,Humid,23.545,deg,147164,µV,19.516,°C,1016,hPa,39,pmil,0,55.49,deg,20,°C,100,%a.s.,22.05,deg,20,°C,976,hPa,0.861,-0.02617,0.00035,0,0,13.56,Humid,71.27,1,94,360256.7,SABD0001000008,AAV1.0.0.11,2.1.0.443,PSt7-10,171011-007,6/6/18 9:06,1443-01,0,no battery,V
8/13/18,10:53:24,7,default,178797683,O7,5.943,min,193.244,μmol/L,Humid,23.544,deg,147237,µV,19.513,°C,1016,hPa,39,pmil,0,55.49,deg,20,°C,100,%a.s.,22.05,deg,20,°C,976,hPa,0.861,-0.02617,0.00035,0,0,13.56,Humid,71.27,1,94,360232.8,SABD0001000008,AAV1.0.0.11,2.1.0.443,PSt7-10,171011-007,6/6/18 9:06,1443-01,0,no battery,V
8/13/18,10:53:25,7,default,178797683,O7,5.962,min,193.278,μmol/L,Humid,23.547,deg,147247,µV,19.498,°C,1016,hPa,39,pmil,0,55.49,deg,20,°C,100,%a.s.,22.05,deg,20,°C,976,hPa,0.861,-0.02617,0.00035,0,0,13.56,Humid,71.27,1,94,360234.51,SABD0001000008,AAV1.0.0.11,2.1.0.443,PSt7-10,171011-007,6/6/18 9:06,1443-01,0,no battery,V
8/13/18,10:53:26,7,default,178797683,O7,5.976,min,193.216,μmol/L,Humid,23.547,deg,147295,µV,19.509,°C,1016,hPa,39,pmil,0,55.49,deg,20,°C,100,%a.s.,22.05,deg,20,°C,976,hPa,0.861,-0.02617,0.00035,0,0,13.56,Humid,71.27,1,94,360224.34,SABD0001000008,AAV1.0.0.11,2.1.0.443,PSt7-10,171011-007,6/6/18 9:06,1443-01,0,no battery,V
8/13/18,10:53:27,7,default,178797683,O7,5.993,min,193.265,μmol/L,Humid,23.547,deg,147207,µV,19.501,°C,1016,hPa,39,pmil,0,55.49,deg,20,°C,100,%a.s.,22.05,deg,20,°C,976,hPa,0.861,-0.02617,0.00035,0,0,13.56,Humid,71.27,1,94,360235.85,SABD0001000008,AAV1.0.0.11,2.1.0.443,PSt7-10,171011-007,6/6/18 9:06,1443-01,0,no battery,V
8/13/18,10:53:28,7,default,178797683,O7,6.009,min,193.263,μmol/L,Humid,23.543,deg,147251,µV,19.513,°C,1016,hPa,39,pmil,0,55.49,deg,20,°C,100,%a.s.,22.05,deg,20,°C,976,hPa,0.861,-0.02617,0.00035,0,0,13.56,Humid,71.27,1,94,360226.51,SABD0001000008,AAV1.0.0.11,2.1.0.443,PSt7-10,171011-007,6/6/18 9:06,1443-01,0,no battery,V
8/13/18,10:53:29,7,default,178797683,O7,6.026,min,193.25,μmol/L,Humid,23.547,deg,147122,µV,19.503,°C,1016,hPa,39,pmil,0,55.49,deg,20,°C,100,%a.s.,22.05,deg,20,°C,976,hPa,0.861,-0.02617,0.00035,0,0,13.56,Humid,71.27,1,94,360229.57,SABD0001000008,AAV1.0.0.11,2.1.0.443,PSt7-10,171011-007,6/6/18 9:06,1443-01,0,no battery,V
8/13/18,10:53:30,7,default,178797683,O7,6.043,min,193.169,μmol/L,Humid,23.545,deg,147230,µV,19.524,°C,1016,hPa,39,pmil,0,55.49,deg,20,°C,100,%a.s.,22.05,deg,20,°C,976,hPa,0.861,-0.02617,0.00035,0,0,13.56,Humid,71.27,1,94,360231.64,SABD0001000008,AAV1.0.0.11,2.1.0.443,PSt7-10,171011-007,6/6/18 9:06,1443-01,0,no battery,V
8/13/18,10:53:31,7,default,178797683,O7,6.059,min,193.102,μmol/L,Humid,23.549,deg,147252,µV,19.524,°C,1016,hPa,39,pmil,0,55.49,deg,20,°C,100,%a.s.,22.05,deg,20,°C,976,hPa,0.861,-0.02617,0.00035,0,0,13.56,Humid,71.27,1,94,360220.23,SABD0001000008,AAV1.0.0.11,2.1.0.443,PSt7-10,171011-007,6/6/18 9:06,1443-01,0,no battery,V
8/13/18,10:53:32,7,default,178797683,O7,6.076,min,193.12,μmol/L,Humid,23.55,deg,147178,µV,19.518,°C,1016,hPa,39,pmil,0,55.49,deg,20,°C,100,%a.s.,22.05,deg,20,°C,976,hPa,0.861,-0.02617,0.00035,0,0,13.56,Humid,71.27,1,94,360210.42,SABD0001000008,AAV1.0.0.11,2.1.0.443,PSt7-10,171011-007,6/6/18 9:06,1443-01,0,no battery,V
8/13/18,10:53:33,7,default,178797683,O7,6.093,min,193.118,μmol/L,Humid,23.551,deg,147205,µV,19.515,°C,1016,hPa,39,pmil,0,55.49,deg,20,°C,100,%a.s.,22.05,deg,20,°C,976,hPa,0.861,-0.02617,0.00035,0,0,13.56,Humid,71.27,1,94,360213.15,SABD0001000008,AAV1.0.0.11,2.1.0.443,PSt7-10,171011-007,6/6/18 9:06,1443-01,0,no battery,V
8/13/18,10:53:34,7,default,178797683,O7,6.109,min,193.206,μmol/L,Humid,23.546,deg,147223,µV,19.514,°C,1016,hPa,39,pmil,0,55.49,deg,20,°C,100,%a.s.,22.05,deg,20,°C,976,hPa,0.861,-0.02617,0.00035,0,0,13.56,Humid,71.27,1,94,360202.25,SABD0001000008,AAV1.0.0.11,2.1.0.443,PSt7-10,171011-007,6/6/18 9:06,1443-01,0,no battery,V
8/13/18,10:53:35,7,default,178797683,O7,6.126,min,193.101,μmol/L,Humid,23.551,deg,147155,µV,19.518,°C,1016,hPa,39,pmil,0,55.49,deg,20,°C,100,%a.s.,22.05,deg,20,°C,976,hPa,0.861,-0.02617,0.00035,0,0,13.56,Humid,71.27,1,94,360195.65,SABD0001000008,AAV1.0.0.11,2.1.0.443,PSt7-10,171011-007,6/6/18 9:06,1443-01,0,no battery,V
8/13/18,10:53:36,7,default,178797683,O7,6.143,min,193.071,μmol/L,Humid,23.551,deg,147154,µV,19.524,°C,1016,hPa,39,pmil,0,55.49,deg,20,°C,100,%a.s.,22.05,deg,20,°C,976,hPa,0.861,-0.02617,0.00035,0,0,13.56,Humid,71.27,1,94,360184.84,SABD0001000008,AAV1.0.0.11,2.1.0.443,PSt7-10,171011-007,6/6/18 9:06,1443-01,0,no battery,V
8/13/18,10:53:37,7,default,178797683,O7,6.159,min,193.14,μmol/L,Humid,23.552,deg,147158,µV,19.509,°C,1016,hPa,39,pmil,0,55.49,deg,20,°C,100,%a.s.,22.05,deg,20,°C,976,hPa,0.861,-0.02617,0.00035,0,0,13.56,Humid,71.27,1,94,360208.6,SABD0001000008,AAV1.0.0.11,2.1.0.443,PSt7-10,171011-007,6/6/18 9:06,1443-01,0,no battery,V
8/13/18,10:53:38,7,default,178797683,O7,6.176,min,193.183,μmol/L,Humid,23.552,deg,147024,µV,19.501,°C,1016,hPa,39,pmil,0,55.49,deg,20,°C,100,%a.s.,22.05,deg,20,°C,976,hPa,0.861,-0.02617,0.00035,0,0,13.56,Humid,71.27,1,94,360205.03,SABD0001000008,AAV1.0.0.11,2.1.0.443,PSt7-10,171011-007,6/6/18 9:06,1443-01,0,no battery,V
8/13/18,10:53:39,7,default,178797683,O7,6.193,min,193.154,μmol/L,Humid,23.553,deg,147178,µV,19.503,°C,1016,hPa,39,pmil,0,55.49,deg,20,°C,100,%a.s.,22.05,deg,20,°C,976,hPa,0.861,-0.02617,0.00035,0,0,13.56,Humid,71.27,1,94,360198.59,SABD0001000008,AAV1.0.0.11,2.1.0.443,PSt7-10,171011-007,6/6/18 9:06,1443-01,0,no battery,V
8/13/18,10:53:40,7,default,178797683,O7,6.21,min,193.159,μmol/L,Humid,23.549,deg,147131,µV,19.514,°C,1016,hPa,39,pmil,0,55.49,deg,20,°C,100,%a.s.,22.05,deg,20,°C,976,hPa,0.861,-0.02617,0.00035,0,0,13.56,Humid,71.27,1,94,360200.56,SABD0001000008,AAV1.0.0.11,2.1.0.443,PSt7-10,171011-007,6/6/18 9:06,1443-01,0,no battery,V
8/13/18,10:53:41,7,default,178797683,O7,6.226,min,193.071,μmol/L,Humid,23.554,deg,147129,µV,19.515,°C,1016,hPa,39,pmil,0,55.49,deg,20,°C,100,%a.s.,22.05,deg,20,°C,976,hPa,0.861,-0.02617,0.00035,0,0,13.56,Humid,71.27,1,94,360182.36,SABD0001000008,AAV1.0.0.11,2.1.0.443,PSt7-10,171011-007,6/6/18 9:06,1443-01,0,no battery,V
8/13/18,10:53:42,7,default,178797683,O7,6.243,min,193.148,μmol/L,Humid,23.552,deg,147220,µV,19.507,°C,1016,hPa,39,pmil,0,55.49,deg,20,°C,100,%a.s.,22.05,deg,20,°C,976,hPa,0.861,-0.02617,0.00035,0,0,13.56,Humid,71.27,1,94,360183.79,SABD0001000008,AAV1.0.0.11,2.1.0.443,PSt7-10,171011-007,6/6/18 9:06,1443-01,0,no battery,V
8/13/18,10:53:43,7,default,178797683,O7,6.26,min,193.111,μmol/L,Humid,23.554,deg,147252,µV,19.508,°C,1016,hPa,39,pmil,0,55.49,deg,20,°C,100,%a.s.,22.05,deg,20,°C,976,hPa,0.861,-0.02617,0.00035,0,0,13.56,Humid,71.27,1,94,360182.87,SABD0001000008,AAV1.0.0.11,2.1.0.443,PSt7-10,171011-007,6/6/18 9:06,1443-01,0,no battery,V
8/13/18,10:53:44,7,default,178797683,O7,6.276,min,193.113,μmol/L,Humid,23.553,deg,147207,µV,19.511,°C,1016,hPa,39,pmil,0,55.49,deg,20,°C,100,%a.s.,22.05,deg,20,°C,976,hPa,0.861,-0.02617,0.00035,0,0,13.56,Humid,71.27,1,94,360179.22,SABD0001000008,AAV1.0.0.11,2.1.0.443,PSt7-10,171011-007,6/6/18 9:06,1443-01,0,no battery,V
8/13/18,10:53:45,7,default,178797683,O7,6.293,min,193.067,μmol/L,Humid,23.554,deg,147183,µV,19.516,°C,1016,hPa,39,pmil,0,55.49,deg,20,°C,100,%a.s.,22.05,deg,20,°C,976,hPa,0.861,-0.02617,0.00035,0,0,13.56,Humid,71.27,1,94,360187.3,SABD0001000008,AAV1.0.0.11,2.1.0.443,PSt7-10,171011-007,6/6/18 9:06,1443-01,0,no battery,V
8/13/18,10:53:46,7,default,178797683,O7,6.31,min,193.002,μmol/L,Humid,23.556,deg,147221,µV,19.522,°C,1016,hPa,39,pmil,0,55.49,deg,20,°C,100,%a.s.,22.05,deg,20,°C,976,hPa,0.861,-0.02617,0.00035,0,0,13.56,Humid,71.27,1,94,360184.58,SABD0001000008,AAV1.0.0.11,2.1.0.443,PSt7-10,171011-007,6/6/18 9:06,1443-01,0,no battery,V
8/13/18,10:53:47,7,default,178797683,O7,6.326,min,193.168,μmol/L,Humid,23.554,deg,147229,µV,19.498,°C,1016,hPa,39,pmil,0,55.49,deg,20,°C,100,%a.s.,22.05,deg,20,°C,976,hPa,0.861,-0.02617,0.00035,0,0,13.56,Humid,71.27,1,94,360177.45,SABD0001000008,AAV1.0.0.11,2.1.0.443,PSt7-10,171011-007,6/6/18 9:06,1443-01,0,no battery,V
8/13/18,10:53:48,7,default,178797683,O7,6.343,min,193.122,μmol/L,Humid,23.553,deg,147153,µV,19.509,°C,1016,hPa,39,pmil,0,55.49,deg,20,°C,100,%a.s.,22.05,deg,20,°C,976,hPa,0.861,-0.02617,0.00035,0,0,13.56,Humid,71.27,1,94,360175.46,SABD0001000008,AAV1.0.0.11,2.1.0.443,PSt7-10,171011-007,6/6/18 9:06,1443-01,0,no battery,V
8/13/18,10:53:49,7,default,178797683,O7,6.359,min,193.011,μmol/L,Humid,23.555,deg,147128,µV,19.523,°C,1016,hPa,39,pmil,0,55.49,deg,20,°C,100,%a.s.,22.05,deg,20,°C,976,hPa,0.861,-0.02617,0.00035,0,0,13.56,Humid,71.27,1,94,360190.55,SABD0001000008,AAV1.0.0.11,2.1.0.443,PSt7-10,171011-007,6/6/18 9:06,1443-01,0,no battery,V
8/13/18,10:53:50,7,default,178797683,O7,6.376,min,192.953,μmol/L,Humid,23.557,deg,147086,µV,19.528,°C,1016,hPa,39,pmil,0,55.49,deg,20,°C,100,%a.s.,22.05,deg,20,°C,976,hPa,0.861,-0.02617,0.00035,0,0,13.56,Humid,71.27,1,94,360186.77,SABD0001000008,AAV1.0.0.11,2.1.0.443,PSt7-10,171011-007,6/6/18 9:06,1443-01,0,no battery,V
8/13/18,10:53:51,7,default,178797683,O7,6.393,min,193.021,μmol/L,Humid,23.556,deg,147164,µV,19.518,°C,1016,hPa,39,pmil,0,55.49,deg,20,°C,100,%a.s.,22.05,deg,20,°C,976,hPa,0.861,-0.02617,0.00035,0,0,13.56,Humid,71.27,1,94,360165.16,SABD0001000008,AAV1.0.0.11,2.1.0.443,PSt7-10,171011-007,6/6/18 9:06,1443-01,0,no battery,V
8/13/18,10:53:52,7,default,178797683,O7,6.409,min,193.031,μmol/L,Humid,23.555,deg,147131,µV,19.519,°C,1016,hPa,39,pmil,0,55.49,deg,20,°C,100,%a.s.,22.05,deg,20,°C,976,hPa,0.861,-0.02617,0.00035,0,0,13.56,Humid,71.27,1,94,360168.97,SABD0001000008,AAV1.0.0.11,2.1.0.443,PSt7-10,171011-007,6/6/18 9:06,1443-01,0,no battery,V
8/13/18,10:53:53,7,default,178797683,O7,6.427,min,193.059,μmol/L,Humid,23.557,deg,147092,µV,19.509,°C,1016,hPa,39,pmil,0,55.49,deg,20,°C,100,%a.s.,22.05,deg,20,°C,976,hPa,0.861,-0.02617,0.00035,0,0,13.56,Humid,71.27,1,94,360169.07,SABD0001000008,AAV1.0.0.11,2.1.0.443,PSt7-10,171011-007,6/6/18 9:06,1443-01,0,no battery,V
8/13/18,10:53:54,7,default,178797683,O7,6.443,min,192.981,μmol/L,Humid,23.557,deg,147086,µV,19.523,°C,1016,hPa,39,pmil,0,55.49,deg,20,°C,100,%a.s.,22.05,deg,20,°C,976,hPa,0.861,-0.02617,0.00035,0,0,13.56,Humid,71.27,1,94,360162.18,SABD0001000008,AAV1.0.0.11,2.1.0.443,PSt7-10,171011-007,6/6/18 9:06,1443-01,0,no battery,V
8/13/18,10:53:55,7,default,178797683,O7,6.46,min,193.049,μmol/L,Humid,23.555,deg,147102,µV,19.516,°C,1016,hPa,39,pmil,0,55.49,deg,20,°C,100,%a.s.,22.05,deg,20,°C,976,hPa,0.861,-0.02617,0.00035,0,0,13.56,Humid,71.27,1,94,360151.7,SABD0001000008,AAV1.0.0.11,2.1.0.443,PSt7-10,171011-007,6/6/18 9:06,1443-01,0,no battery,V
8/13/18,10:53:56,7,default,178797683,O7,6.476,min,192.991,μmol/L,Humid,23.558,deg,147082,µV,19.518,°C,1016,hPa,39,pmil,0,55.49,deg,20,°C,100,%a.s.,22.05,deg,20,°C,976,hPa,0.861,-0.02617,0.00035,0,0,13.56,Humid,71.27,1,94,360146.79,SABD0001000008,AAV1.0.0.11,2.1.0.443,PSt7-10,171011-007,6/6/18 9:06,1443-01,0,no battery,V
8/13/18,10:53:57,7,default,178797683,O7,6.493,min,192.99,μmol/L,Humid,23.559,deg,147050,µV,19.515,°C,1016,hPa,39,pmil,0,55.49,deg,20,°C,100,%a.s.,22.05,deg,20,°C,976,hPa,0.861,-0.02617,0.00035,0,0,13.56,Humid,71.27,1,94,360169.13,SABD0001000008,AAV1.0.0.11,2.1.0.443,PSt7-10,171011-007,6/6/18 9:06,1443-01,0,no battery,V
8/13/18,10:53:58,7,default,178797683,O7,6.509,min,192.985,μmol/L,Humid,23.559,deg,147100,µV,19.516,°C,1016,hPa,39,pmil,0,55.49,deg,20,°C,100,%a.s.,22.05,deg,20,°C,976,hPa,0.861,-0.02617,0.00035,0,0,13.56,Humid,71.27,1,94,360153.66,SABD0001000008,AAV1.0.0.11,2.1.0.443,PSt7-10,171011-007,6/6/18 9:06,1443-01,0,no battery,V
8/13/18,10:53:59,7,default,178797683,O7,6.526,min,192.963,μmol/L,Humid,23.558,deg,147078,µV,19.523,°C,1016,hPa,39,pmil,0,55.49,deg,20,°C,100,%a.s.,22.05,deg,20,°C,976,hPa,0.861,-0.02617,0.00035,0,0,13.56,Humid,71.27,1,94,360164.43,SABD0001000008,AAV1.0.0.11,2.1.0.443,PSt7-10,171011-007,6/6/18 9:06,1443-01,0,no battery,V
8/13/18,10:54:00,7,default,178797683,O7,6.543,min,192.991,μmol/L,Humid,23.557,deg,147028,µV,19.521,°C,1016,hPa,39,pmil,0,55.49,deg,20,°C,100,%a.s.,22.05,deg,20,°C,976,hPa,0.861,-0.02617,0.00035,0,0,13.56,Humid,71.27,1,94,360152.78,SABD0001000008,AAV1.0.0.11,2.1.0.443,PSt7-10,171011-007,6/6/18 9:06,1443-01,0,no battery,V
8/13/18,10:54:01,7,default,178797683,O7,6.559,min,192.986,μmol/L,Humid,23.559,deg,147062,µV,19.516,°C,1016,hPa,39,pmil,0,55.49,deg,20,°C,100,%a.s.,22.05,deg,20,°C,976,hPa,0.861,-0.02617,0.00035,0,0,13.56,Humid,71.27,1,94,360138.01,SABD0001000008,AAV1.0.0.11,2.1.0.443,PSt7-10,171011-007,6/6/18 9:06,1443-01,0,no battery,V
8/13/18,10:54:02,7,default,178797683,O7,6.576,min,192.931,μmol/L,Humid,23.561,deg,147081,µV,19.52,°C,1016,hPa,39,pmil,0,55.49,deg,20,°C,100,%a.s.,22.05,deg,20,°C,976,hPa,0.861,-0.02617,0.00035,0,0,13.56,Humid,71.27,1,94,360143.63,SABD0001000008,AAV1.0.0.11,2.1.0.443,PSt7-10,171011-007,6/6/18 9:06,1443-01,0,no battery,V
8/13/18,10:54:03,7,default,178797683,O7,6.593,min,192.919,μmol/L,Humid,23.561,deg,147092,µV,19.522,°C,1016,hPa,39,pmil,0,55.49,deg,20,°C,100,%a.s.,22.05,deg,20,°C,976,hPa,0.861,-0.02617,0.00035,0,0,13.56,Humid,71.27,1,94,360140.17,SABD0001000008,AAV1.0.0.11,2.1.0.443,PSt7-10,171011-007,6/6/18 9:06,1443-01,0,no battery,V
8/13/18,10:54:04,7,default,178797683,O7,6.609,min,192.964,μmol/L,Humid,23.562,deg,147088,µV,19.511,°C,1016,hPa,39,pmil,0,55.49,deg,20,°C,100,%a.s.,22.05,deg,20,°C,976,hPa,0.861,-0.02617,0.00035,0,0,13.56,Humid,71.27,1,94,360135.59,SABD0001000008,AAV1.0.0.11,2.1.0.443,PSt7-10,171011-007,6/6/18 9:06,1443-01,0,no battery,V
8/13/18,10:54:05,7,default,178797683,O7,6.626,min,192.871,μmol/L,Humid,23.566,deg,147121,µV,19.516,°C,1016,hPa,39,pmil,0,55.49,deg,20,°C,100,%a.s.,22.05,deg,20,°C,976,hPa,0.861,-0.02617,0.00035,0,0,13.56,Humid,71.27,1,94,360129.46,SABD0001000008,AAV1.0.0.11,2.1.0.443,PSt7-10,171011-007,6/6/18 9:06,1443-01,0,no battery,V
8/13/18,10:54:06,7,default,178797683,O7,6.642,min,192.888,μmol/L,Humid,23.565,deg,147101,µV,19.516,°C,1016,hPa,39,pmil,0,55.49,deg,20,°C,100,%a.s.,22.05,deg,20,°C,976,hPa,0.861,-0.02617,0.00035,0,0,13.56,Humid,71.27,1,94,360127.07,SABD0001000008,AAV1.0.0.11,2.1.0.443,PSt7-10,171011-007,6/6/18 9:06,1443-01,0,no battery,V
8/13/18,10:54:07,7,default,178797683,O7,6.659,min,192.797,μmol/L,Humid,23.569,deg,147111,µV,19.521,°C,1016,hPa,39,pmil,0,55.49,deg,20,°C,100,%a.s.,22.05,deg,20,°C,976,hPa,0.861,-0.02617,0.00035,0,0,13.56,Humid,71.27,1,94,360121.23,SABD0001000008,AAV1.0.0.11,2.1.0.443,PSt7-10,171011-007,6/6/18 9:06,1443-01,0,no battery,V
8/13/18,10:54:08,7,default,178797683,O7,6.676,min,192.718,μmol/L,Humid,23.573,deg,147158,µV,19.524,°C,1016,hPa,39,pmil,0,55.49,deg,20,°C,100,%a.s.,22.05,deg,20,°C,976,hPa,0.861,-0.02617,0.00035,0,0,13.56,Humid,71.27,1,94,360132.86,SABD0001000008,AAV1.0.0.11,2.1.0.443,PSt7-10,171011-007,6/6/18 9:06,1443-01,0,no battery,V
8/13/18,10:54:09,7,default,178797683,O7,6.693,min,192.598,μmol/L,Humid,23.582,deg,147177,µV,19.519,°C,1016,hPa,39,pmil,0,55.49,deg,20,°C,100,%a.s.,22.05,deg,20,°C,976,hPa,0.861,-0.02617,0.00035,0,0,13.56,Humid,71.27,1,94,360131,SABD0001000008,AAV1.0.0.11,2.1.0.443,PSt7-10,171011-007,6/6/18 9:06,1443-01,0,no battery,V
8/13/18,10:54:10,7,default,178797683,O7,6.709,min,192.494,μmol/L,Humid,23.589,deg,147271,µV,19.517,°C,1016,hPa,39,pmil,0,55.49,deg,20,°C,100,%a.s.,22.05,deg,20,°C,976,hPa,0.861,-0.02617,0.00035,0,0,13.56,Humid,71.27,1,94,360114.36,SABD0001000008,AAV1.0.0.11,2.1.0.443,PSt7-10,171011-007,6/6/18 9:06,1443-01,0,no battery,V
8/13/18,10:54:11,7,default,178797683,O7,6.726,min,192.393,μmol/L,Humid,23.594,deg,147309,µV,19.521,°C,1016,hPa,39,pmil,0,55.49,deg,20,°C,100,%a.s.,22.05,deg,20,°C,976,hPa,0.861,-0.02617,0.00035,0,0,13.56,Humid,71.27,1,94,360126.66,SABD0001000008,AAV1.0.0.11,2.1.0.443,PSt7-10,171011-007,6/6/18 9:06,1443-01,0,no battery,V
8/13/18,10:54:12,7,default,178797683,O7,6.743,min,192.268,μmol/L,Humid,23.604,deg,147437,µV,19.515,°C,1016,hPa,39,pmil,0,55.49,deg,20,°C,100,%a.s.,22.05,deg,20,°C,976,hPa,0.861,-0.02617,0.00035,0,0,13.56,Humid,71.27,1,94,360124.82,SABD0001000008,AAV1.0.0.11,2.1.0.443,PSt7-10,171011-007,6/6/18 9:06,1443-01,0,no battery,V
8/13/18,10:54:13,7,default,178797683,O7,6.759,min,192.058,μmol/L,Humid,23.617,deg,147462,µV,19.515,°C,1016,hPa,39,pmil,0,55.49,deg,20,°C,100,%a.s.,22.05,deg,20,°C,976,hPa,0.861,-0.02617,0.00035,0,0,13.56,Humid,71.27,1,94,360106.82,SABD0001000008,AAV1.0.0.11,2.1.0.443,PSt7-10,171011-007,6/6/18 9:06,1443-01,0,no battery,V
8/13/18,10:54:14,7,default,178797683,O7,6.776,min,191.973,μmol/L,Humid,23.625,deg,147504,µV,19.507,°C,1016,hPa,39,pmil,0,55.49,deg,20,°C,100,%a.s.,22.05,deg,20,°C,976,hPa,0.861,-0.02617,0.00035,0,0,13.56,Humid,71.27,1,94,360130.22,SABD0001000008,AAV1.0.0.11,2.1.0.443,PSt7-10,171011-007,6/6/18 9:06,1443-01,0,no battery,V
8/13/18,10:54:15,7,default,178797683,O7,6.792,min,191.694,μmol/L,Humid,23.635,deg,147674,µV,19.528,°C,1016,hPa,39,pmil,0,55.49,deg,20,°C,100,%a.s.,22.05,deg,20,°C,976,hPa,0.861,-0.02617,0.00035,0,0,13.56,Humid,71.27,1,94,360107.56,SABD0001000008,AAV1.0.0.11,2.1.0.443,PSt7-10,171011-007,6/6/18 9:06,1443-01,0,no battery,V
8/13/18,10:54:16,7,default,178797683,O7,6.81,min,191.698,μmol/L,Humid,23.64,deg,147654,µV,19.513,°C,1016,hPa,39,pmil,0,55.49,deg,20,°C,100,%a.s.,22.05,deg,20,°C,976,hPa,0.861,-0.02617,0.00035,0,0,13.56,Humid,71.27,1,94,360119.56,SABD0001000008,AAV1.0.0.11,2.1.0.443,PSt7-10,171011-007,6/6/18 9:06,1443-01,0,no battery,V
8/13/18,10:54:17,7,default,178797683,O7,6.826,min,191.466,μmol/L,Humid,23.653,deg,147749,µV,19.518,°C,1016,hPa,39,pmil,0,55.49,deg,20,°C,100,%a.s.,22.05,deg,20,°C,976,hPa,0.861,-0.02617,0.00035,0,0,13.56,Humid,71.27,1,94,360116.73,SABD0001000008,AAV1.0.0.11,2.1.0.443,PSt7-10,171011-007,6/6/18 9:06,1443-01,0,no battery,V
8/13/18,10:54:18,7,default,178797683,O7,6.843,min,191.249,μmol/L,Humid,23.665,deg,147800,µV,19.522,°C,1016,hPa,39,pmil,0,55.49,deg,20,°C,100,%a.s.,22.05,deg,20,°C,976,hPa,0.861,-0.02617,0.00035,0,0,13.56,Humid,71.27,1,94,360123.59,SABD0001000008,AAV1.0.0.11,2.1.0.443,PSt7-10,171011-007,6/6/18 9:06,1443-01,0,no battery,V
8/13/18,10:54:19,7,default,178797683,O7,6.859,min,191.057,μmol/L,Humid,23.678,deg,147939,µV,19.519,°C,1016,hPa,39,pmil,0,55.49,deg,20,°C,100,%a.s.,22.05,deg,20,°C,976,hPa,0.861,-0.02617,0.00035,0,0,13.56,Humid,71.27,1,94,360098.61,SABD0001000008,AAV1.0.0.11,2.1.0.443,PSt7-10,171011-007,6/6/18 9:06,1443-01,0,no battery,V
8/13/18,10:54:20,7,default,178797683,O7,6.876,min,190.901,μmol/L,Humid,23.688,deg,147997,µV,19.519,°C,1016,hPa,39,pmil,0,55.49,deg,20,°C,100,%a.s.,22.05,deg,20,°C,976,hPa,0.861,-0.02617,0.00035,0,0,13.56,Humid,71.27,1,94,360093.08,SABD0001000008,AAV1.0.0.11,2.1.0.443,PSt7-10,171011-007,6/6/18 9:06,1443-01,0,no battery,V
8/13/18,10:54:21,7,default,178797683,O7,6.893,min,190.775,μmol/L,Humid,23.699,deg,148103,µV,19.51,°C,1016,hPa,39,pmil,0,55.49,deg,20,°C,100,%a.s.,22.05,deg,20,°C,976,hPa,0.861,-0.02617,0.00035,0,0,13.56,Humid,71.27,1,94,360094.17,SABD0001000008,AAV1.0.0.11,2.1.0.443,PSt7-10,171011-007,6/6/18 9:06,1443-01,0,no battery,V
8/13/18,10:54:22,7,default,178797683,O7,6.91,min,190.551,μmol/L,Humid,23.714,deg,148199,µV,19.507,°C,1016,hPa,39,pmil,0,55.49,deg,20,°C,100,%a.s.,22.05,deg,20,°C,976,hPa,0.861,-0.02617,0.00035,0,0,13.56,Humid,71.27,1,94,360104.53,SABD0001000008,AAV1.0.0.11,2.1.0.443,PSt7-10,171011-007,6/6/18 9:06,1443-01,0,no battery,V
8/13/18,10:54:23,7,default,178797683,O7,6.927,min,190.341,μmol/L,Humid,23.726,deg,148263,µV,19.511,°C,1016,hPa,39,pmil,0,55.49,deg,20,°C,100,%a.s.,22.05,deg,20,°C,976,hPa,0.861,-0.02617,0.00035,0,0,13.56,Humid,71.27,1,94,360105.15,SABD0001000008,AAV1.0.0.11,2.1.0.443,PSt7-10,171011-007,6/6/18 9:06,1443-01,0,no battery,V
8/13/18,10:54:24,7,default,178797683,O7,6.943,min,190.175,μmol/L,Humid,23.734,deg,148361,µV,19.518,°C,1016,hPa,39,pmil,0,55.49,deg,20,°C,100,%a.s.,22.05,deg,20,°C,976,hPa,0.861,-0.02617,0.00035,0,0,13.56,Humid,71.27,1,94,360116.12,SABD0001000008,AAV1.0.0.11,2.1.0.443,PSt7-10,171011-007,6/6/18 9:06,1443-01,0,no battery,V
8/13/18,10:54:25,7,default,178797683,O7,6.96,min,189.985,μmol/L,Humid,23.747,deg,148442,µV,19.515,°C,1016,hPa,39,pmil,0,55.49,deg,20,°C,100,%a.s.,22.05,deg,20,°C,976,hPa,0.861,-0.02617,0.00035,0,0,13.56,Humid,71.27,1,94,360097.92,SABD0001000008,AAV1.0.0.11,2.1.0.443,PSt7-10,171011-007,6/6/18 9:06,1443-01,0,no battery,V
8/13/18,10:54:26,7,default,178797683,O7,6.976,min,189.913,μmol/L,Humid,23.755,deg,148463,µV,19.505,°C,1016,hPa,39,pmil,0,55.49,deg,20,°C,100,%a.s.,22.05,deg,20,°C,976,hPa,0.861,-0.02617,0.00035,0,0,13.56,Humid,71.27,1,94,360093.03,SABD0001000008,AAV1.0.0.11,2.1.0.443,PSt7-10,171011-007,6/6/18 9:06,1443-01,0,no battery,V
8/13/18,10:54:27,7,default,178797683,O7,6.993,min,189.59,μmol/L,Humid,23.766,deg,148521,µV,19.532,°C,1016,hPa,39,pmil,0,55.49,deg,20,°C,100,%a.s.,22.05,deg,20,°C,976,hPa,0.861,-0.02617,0.00035,0,0,13.56,Humid,71.27,1,94,360093.22,SABD0001000008,AAV1.0.0.11,2.1.0.443,PSt7-10,171011-007,6/6/18 9:06,1443-01,0,no battery,V
8/13/18,10:54:28,7,default,178797683,O7,7.009,min,189.388,μmol/L,Humid,23.781,deg,148608,µV,19.526,°C,1016,hPa,39,pmil,0,55.49,deg,20,°C,100,%a.s.,22.05,deg,20,°C,976,hPa,0.861,-0.02617,0.00035,0,0,13.56,Humid,71.27,1,94,360102.88,SABD0001000008,AAV1.0.0.11,2.1.0.443,PSt7-10,171011-007,6/6/18 9:06,1443-01,0,no battery,V
8/13/18,10:54:29,7,default,178797683,O7,7.026,min,189.213,μmol/L,Humid,23.791,deg,148715,µV,19.529,°C,1016,hPa,39,pmil,0,55.49,deg,20,°C,100,%a.s.,22.05,deg,20,°C,976,hPa,0.861,-0.02617,0.00035,0,0,13.56,Humid,71.27,1,94,360100.11,SABD0001000008,AAV1.0.0.11,2.1.0.443,PSt7-10,171011-007,6/6/18 9:06,1443-01,0,no battery,V
8/13/18,10:54:30,7,default,178797683,O7,7.042,min,189.173,μmol/L,Humid,23.8,deg,148735,µV,19.51,°C,1016,hPa,39,pmil,0,55.49,deg,20,°C,100,%a.s.,22.05,deg,20,°C,976,hPa,0.861,-0.02617,0.00035,0,0,13.56,Humid,71.27,1,94,360078.53,SABD0001000008,AAV1.0.0.11,2.1.0.443,PSt7-10,171011-007,6/6/18 9:06,1443-01,0,no battery,V
8/13/18,10:54:31,7,default,178797683,O7,7.06,min,189.015,μmol/L,Humid,23.806,deg,148798,µV,19.522,°C,1016,hPa,39,pmil,0,55.49,deg,20,°C,100,%a.s.,22.05,deg,20,°C,976,hPa,0.861,-0.02617,0.00035,0,0,13.56,Humid,71.27,1,94,360093.93,SABD0001000008,AAV1.0.0.11,2.1.0.443,PSt7-10,171011-007,6/6/18 9:06,1443-01,0,no battery,V
8/13/18,10:54:32,7,default,178797683,O7,7.076,min,188.951,μmol/L,Humid,23.812,deg,148818,µV,19.516,°C,1016,hPa,39,pmil,0,55.49,deg,20,°C,100,%a.s.,22.05,deg,20,°C,976,hPa,0.861,-0.02617,0.00035,0,0,13.56,Humid,71.27,1,94,360088.77,SABD0001000008,AAV1.0.0.11,2.1.0.443,PSt7-10,171011-007,6/6/18 9:06,1443-01,0,no battery,V
8/13/18,10:54:33,7,default,178797683,O7,7.093,min,189.023,μmol/L,Humid,23.806,deg,148749,µV,19.52,°C,1016,hPa,39,pmil,0,55.49,deg,20,°C,100,%a.s.,22.05,deg,20,°C,976,hPa,0.861,-0.02617,0.00035,0,0,13.56,Humid,71.27,1,94,360075.78,SABD0001000008,AAV1.0.0.11,2.1.0.443,PSt7-10,171011-007,6/6/18 9:06,1443-01,0,no battery,V
8/13/18,10:54:34,7,default,178797683,O7,7.11,min,188.991,μmol/L,Humid,23.809,deg,148777,µV,19.518,°C,1016,hPa,39,pmil,0,55.49,deg,20,°C,100,%a.s.,22.05,deg,20,°C,976,hPa,0.861,-0.02617,0.00035,0,0,13.56,Humid,71.27,1,94,360072.01,SABD0001000008,AAV1.0.0.11,2.1.0.443,PSt7-10,171011-007,6/6/18 9:06,1443-01,0,no battery,V
8/13/18,10:54:35,7,default,178797683,O7,7.126,min,189.134,μmol/L,Humid,23.802,deg,148740,µV,19.512,°C,1016,hPa,39,pmil,0,55.49,deg,20,°C,100,%a.s.,22.05,deg,20,°C,976,hPa,0.861,-0.02617,0.00035,0,0,13.56,Humid,71.27,1,94,360078.81,SABD0001000008,AAV1.0.0.11,2.1.0.443,PSt7-10,171011-007,6/6/18 9:06,1443-01,0,no battery,V
8/13/18,10:54:36,7,default,178797683,O7,7.143,min,189.123,μmol/L,Humid,23.802,deg,148740,µV,19.514,°C,1016,hPa,39,pmil,0,55.49,deg,20,°C,100,%a.s.,22.05,deg,20,°C,976,hPa,0.861,-0.02617,0.00035,0,0,13.56,Humid,71.27,1,94,360075.13,SABD0001000008,AAV1.0.0.11,2.1.0.443,PSt7-10,171011-007,6/6/18 9:06,1443-01,0,no battery,V
8/13/18,10:54:37,7,default,178797683,O7,7.159,min,189.039,μmol/L,Humid,23.806,deg,148768,µV,19.517,°C,1016,hPa,39,pmil,0,55.49,deg,20,°C,100,%a.s.,22.05,deg,20,°C,976,hPa,0.861,-0.02617,0.00035,0,0,13.56,Humid,71.27,1,94,360071.62,SABD0001000008,AAV1.0.0.11,2.1.0.443,PSt7-10,171011-007,6/6/18 9:06,1443-01,0,no battery,V
8/13/18,10:54:38,7,default,178797683,O7,7.176,min,189.086,μmol/L,Humid,23.804,deg,148727,µV,19.515,°C,1016,hPa,39,pmil,0,55.49,deg,20,°C,100,%a.s.,22.05,deg,20,°C,976,hPa,0.861,-0.02617,0.00035,0,0,13.56,Humid,71.27,1,94,360069.39,SABD0001000008,AAV1.0.0.11,2.1.0.443,PSt7-10,171011-007,6/6/18 9:06,1443-01,0,no battery,V
8/13/18,10:54:39,7,default,178797683,O7,7.192,min,189.031,μmol/L,Humid,23.806,deg,148684,µV,19.519,°C,1016,hPa,39,pmil,0,55.49,deg,20,°C,100,%a.s.,22.05,deg,20,°C,976,hPa,0.861,-0.02617,0.00035,0,0,13.56,Humid,71.27,1,94,360062.76,SABD0001000008,AAV1.0.0.11,2.1.0.443,PSt7-10,171011-007,6/6/18 9:06,1443-01,0,no battery,V
8/13/18,10:54:40,7,default,178797683,O7,7.21,min,189.122,μmol/L,Humid,23.803,deg,148707,µV,19.511,°C,1016,hPa,39,pmil,0,55.49,deg,20,°C,100,%a.s.,22.05,deg,20,°C,976,hPa,0.861,-0.02617,0.00035,0,0,13.56,Humid,71.27,1,94,360064.4,SABD0001000008,AAV1.0.0.11,2.1.0.443,PSt7-10,171011-007,6/6/18 9:06,1443-01,0,no battery,V
8/13/18,10:54:41,7,default,178797683,O7,7.226,min,189.161,μmol/L,Humid,23.801,deg,147728,µV,19.509,°C,1016,hPa,39,pmil,0,55.49,deg,20,°C,100,%a.s.,22.05,deg,20,°C,976,hPa,0.861,-0.02617,0.00035,0,0,13.56,Humid,71.27,1,94,360057.53,SABD0001000008,AAV1.0.0.11,2.1.0.443,PSt7-10,171011-007,6/6/18 9:06,1443-01,0,no battery,V
8/13/18,10:54:42,7,default,178797683,O7,7.243,min,189.256,μmol/L,Humid,23.8,deg,147691,µV,19.495,°C,1016,hPa,39,pmil,0,55.49,deg,20,°C,100,%a.s.,22.05,deg,20,°C,976,hPa,0.861,-0.02617,0.00035,0,0,13.56,Humid,71.27,1,94,360058.77,SABD0001000008,AAV1.0.0.11,2.1.0.443,PSt7-10,171011-007,6/6/18 9:06,1443-01,0,no battery,V
8/13/18,10:54:43,7,default,178797683,O7,7.259,min,189.214,μmol/L,Humid,23.798,deg,148129,µV,19.509,°C,1016,hPa,39,pmil,0,55.49,deg,20,°C,100,%a.s.,22.05,deg,20,°C,976,hPa,0.861,-0.02617,0.00035,0,0,13.56,Humid,71.27,1,94,360053.35,SABD0001000008,AAV1.0.0.11,2.1.0.443,PSt7-10,171011-007,6/6/18 9:06,1443-01,0,no battery,V
8/13/18,10:54:44,7,default,178797683,O7,7.276,min,189.247,μmol/L,Humid,23.795,deg,148373,µV,19.511,°C,1016,hPa,39,pmil,0,55.49,deg,20,°C,100,%a.s.,22.05,deg,20,°C,976,hPa,0.861,-0.02617,0.00035,0,0,13.56,Humid,71.27,1,94,360047.97,SABD0001000008,AAV1.0.0.11,2.1.0.443,PSt7-10,171011-007,6/6/18 9:06,1443-01,0,no battery,V
8/13/18,10:54:45,7,default,178797683,O7,7.293,min,189.343,μmol/L,Humid,23.791,deg,148392,µV,19.505,°C,1016,hPa,39,pmil,0,55.49,deg,20,°C,100,%a.s.,22.05,deg,20,°C,976,hPa,0.861,-0.02617,0.00035,0,0,13.56,Humid,71.27,1,94,360037.92,SABD0001000008,AAV1.0.0.11,2.1.0.443,PSt7-10,171011-007,6/6/18 9:06,1443-01,0,no battery,V
8/13/18,10:54:46,7,default,178797683,O7,7.31,min,189.292,μmol/L,Humid,23.794,deg,148354,µV,19.506,°C,1016,hPa,39,pmil,0,55.49,deg,20,°C,100,%a.s.,22.05,deg,20,°C,976,hPa,0.861,-0.02617,0.00035,0,0,13.56,Humid,71.27,1,94,360045.29,SABD0001000008,AAV1.0.0.11,2.1.0.443,PSt7-10,171011-007,6/6/18 9:06,1443-01,0,no battery,V
8/13/18,10:54:47,7,default,178797683,O7,7.326,min,189.212,μmol/L,Humid,23.795,deg,148436,µV,19.517,°C,1016,hPa,39,pmil,0,55.49,deg,20,°C,100,%a.s.,22.05,deg,20,°C,976,hPa,0.861,-0.02617,0.00035,0,0,13.56,Humid,71.27,1,94,360040.45,SABD0001000008,AAV1.0.0.11,2.1.0.443,PSt7-10,171011-007,6/6/18 9:06,1443-01,0,no battery,V
8/13/18,10:54:48,7,default,178797683,O7,7.343,min,189.087,μmol/L,Humid,23.799,deg,148406,µV,19.529,°C,1016,hPa,39,pmil,0,55.49,deg,20,°C,100,%a.s.,22.05,deg,20,°C,976,hPa,0.861,-0.02617,0.00035,0,0,13.56,Humid,71.27,1,94,360043.82,SABD0001000008,AAV1.0.0.11,2.1.0.443,PSt7-10,171011-007,6/6/18 9:06,1443-01,0,no battery,V
8/13/18,10:54:49,7,default,178797683,O7,7.36,min,189.094,μmol/L,Humid,23.802,deg,148424,µV,19.519,°C,1016,hPa,39,pmil,0,55.49,deg,20,°C,100,%a.s.,22.05,deg,20,°C,976,hPa,0.861,-0.02617,0.00035,0,0,13.56,Humid,71.27,1,94,360041.39,SABD0001000008,AAV1.0.0.11,2.1.0.443,PSt7-10,171011-007,6/6/18 9:06,1443-01,0,no battery,V
8/13/18,10:54:50,7,default,178797683,O7,7.376,min,189.065,μmol/L,Humid,23.807,deg,148449,µV,19.51,°C,1016,hPa,39,pmil,0,55.49,deg,20,°C,100,%a.s.,22.05,deg,20,°C,976,hPa,0.861,-0.02617,0.00035,0,0,13.56,Humid,71.27,1,94,360033.44,SABD0001000008,AAV1.0.0.11,2.1.0.443,PSt7-10,171011-007,6/6/18 9:06,1443-01,0,no battery,V
8/13/18,10:54:51,7,default,178797683,O7,7.393,min,189.045,μmol/L,Humid,23.805,deg,148487,µV,19.519,°C,1016,hPa,39,pmil,0,55.49,deg,20,°C,100,%a.s.,22.05,deg,20,°C,976,hPa,0.861,-0.02617,0.00035,0,0,13.56,Humid,71.27,1,94,360029.56,SABD0001000008,AAV1.0.0.11,2.1.0.443,PSt7-10,171011-007,6/6/18 9:06,1443-01,0,no battery,V
8/13/18,10:54:52,7,default,178797683,O7,7.41,min,189.026,μmol/L,Humid,23.81,deg,148536,µV,19.508,°C,1016,hPa,39,pmil,0,55.49,deg,20,°C,100,%a.s.,22.05,deg,20,°C,976,hPa,0.861,-0.02617,0.00035,0,0,13.56,Humid,71.27,1,94,360036.28,SABD0001000008,AAV1.0.0.11,2.1.0.443,PSt7-10,171011-007,6/6/18 9:06,1443-01,0,no battery,V
8/13/18,10:54:53,7,default,178797683,O7,7.426,min,188.843,μmol/L,Humid,23.815,deg,148571,µV,19.528,°C,1016,hPa,39,pmil,0,55.49,deg,20,°C,100,%a.s.,22.05,deg,20,°C,976,hPa,0.861,-0.02617,0.00035,0,0,13.56,Humid,71.27,1,94,360024.99,SABD0001000008,AAV1.0.0.11,2.1.0.443,PSt7-10,171011-007,6/6/18 9:06,1443-01,0,no battery,V
8/13/18,10:54:54,7,default,178797683,O7,7.443,min,188.923,μmol/L,Humid,23.818,deg,148554,µV,19.504,°C,1016,hPa,39,pmil,0,55.49,deg,20,°C,100,%a.s.,22.05,deg,20,°C,976,hPa,0.861,-0.02617,0.00035,0,0,13.56,Humid,71.27,1,94,360009.79,SABD0001000008,AAV1.0.0.11,2.1.0.443,PSt7-10,171011-007,6/6/18 9:06,1443-01,0,no battery,V
8/13/18,10:54:55,7,default,178797683,O7,7.459,min,188.896,μmol/L,Humid,23.82,deg,148585,µV,19.503,°C,1016,hPa,39,pmil,0,55.49,deg,20,°C,100,%a.s.,22.05,deg,20,°C,976,hPa,0.861,-0.02617,0.00035,0,0,13.56,Humid,71.27,1,94,360024.34,SABD0001000008,AAV1.0.0.11,2.1.0.443,PSt7-10,171011-007,6/6/18 9:06,1443-01,0,no battery,V
8/13/18,10:54:56,7,default,178797683,O7,7.476,min,188.761,μmol/L,Humid,23.824,deg,148592,µV,19.517,°C,1016,hPa,39,pmil,0,55.49,deg,20,°C,100,%a.s.,22.05,deg,20,°C,976,hPa,0.861,-0.02617,0.00035,0,0,13.56,Humid,71.27,1,94,360024.28,SABD0001000008,AAV1.0.0.11,2.1.0.443,PSt7-10,171011-007,6/6/18 9:06,1443-01,0,no battery,V
8/13/18,10:54:57,7,default,178797683,O7,7.493,min,188.746,μmol/L,Humid,23.827,deg,148630,µV,19.511,°C,1016,hPa,39,pmil,0,55.49,deg,20,°C,100,%a.s.,22.05,deg,20,°C,976,hPa,0.861,-0.02617,0.00035,0,0,13.56,Humid,71.27,1,94,360017.7,SABD0001000008,AAV1.0.0.11,2.1.0.443,PSt7-10,171011-007,6/6/18 9:06,1443-01,0,no battery,V
8/13/18,10:54:58,7,default,178797683,O7,7.51,min,188.664,μmol/L,Humid,23.83,deg,148660,µV,19.517,°C,1016,hPa,39,pmil,0,55.49,deg,20,°C,100,%a.s.,22.05,deg,20,°C,976,hPa,0.861,-0.02617,0.00035,0,0,13.56,Humid,71.27,1,94,360008.8,SABD0001000008,AAV1.0.0.11,2.1.0.443,PSt7-10,171011-007,6/6/18 9:06,1443-01,0,no battery,V
8/13/18,10:54:59,7,default,178797683,O7,7.526,min,188.699,μmol/L,Humid,23.833,deg,148671,µV,19.502,°C,1016,hPa,39,pmil,0,55.49,deg,20,°C,100,%a.s.,22.05,deg,20,°C,976,hPa,0.861,-0.02617,0.00035,0,0,13.56,Humid,71.27,1,94,360011.72,SABD0001000008,AAV1.0.0.11,2.1.0.443,PSt7-10,171011-007,6/6/18 9:06,1443-01,0,no battery,V
8/13/18,10:55:00,7,default,178797683,O7,7.543,min,188.558,μmol/L,Humid,23.838,deg,148690,µV,19.513,°C,1016,hPa,39,pmil,0,55.49,deg,20,°C,100,%a.s.,22.05,deg,20,°C,976,hPa,0.861,-0.02617,0.00035,0,0,13.56,Humid,71.27,1,94,360003.31,SABD0001000008,AAV1.0.0.11,2.1.0.443,PSt7-10,171011-007,6/6/18 9:06,1443-01,0,no battery,V
8/13/18,10:55:01,7,default,178797683,O7,7.56,min,188.53,μmol/L,Humid,23.841,deg,148718,µV,19.51,°C,1016,hPa,39,pmil,0,55.49,deg,20,°C,100,%a.s.,22.05,deg,20,°C,976,hPa,0.861,-0.02617,0.00035,0,0,13.56,Humid,71.27,1,94,360026.19,SABD0001000008,AAV1.0.0.11,2.1.0.443,PSt7-10,171011-007,6/6/18 9:06,1443-01,0,no battery,V
8/13/18,10:55:02,7,default,178797683,O7,7.576,min,188.478,μmol/L,Humid,23.847,deg,148741,µV,19.502,°C,1016,hPa,39,pmil,0,55.49,deg,20,°C,100,%a.s.,22.05,deg,20,°C,976,hPa,0.861,-0.02617,0.00035,0,0,13.56,Humid,71.27,1,94,360007.51,SABD0001000008,AAV1.0.0.11,2.1.0.443,PSt7-10,171011-007,6/6/18 9:06,1443-01,0,no battery,V
8/13/18,10:55:03,7,default,178797683,O7,7.593,min,188.434,μmol/L,Humid,23.849,deg,148760,µV,19.504,°C,1016,hPa,39,pmil,0,55.49,deg,20,°C,100,%a.s.,22.05,deg,20,°C,976,hPa,0.861,-0.02617,0.00035,0,0,13.56,Humid,71.27,1,94,360005.29,SABD0001000008,AAV1.0.0.11,2.1.0.443,PSt7-10,171011-007,6/6/18 9:06,1443-01,0,no battery,V
8/13/18,10:55:04,7,default,178797683,O7,7.609,min,188.476,μmol/L,Humid,23.847,deg,148765,µV,19.502,°C,1016,hPa,39,pmil,0,55.49,deg,20,°C,100,%a.s.,22.05,deg,20,°C,976,hPa,0.861,-0.02617,0.00035,0,0,13.56,Humid,71.27,1,94,360000.39,SABD0001000008,AAV1.0.0.11,2.1.0.443,PSt7-10,171011-007,6/6/18 9:06,1443-01,0,no battery,V
8/13/18,10:55:05,7,default,178797683,O7,7.626,min,188.425,μmol/L,Humid,23.848,deg,148796,µV,19.509,°C,1016,hPa,39,pmil,0,55.49,deg,20,°C,100,%a.s.,22.05,deg,20,°C,976,hPa,0.861,-0.02617,0.00035,0,0,13.56,Humid,71.27,1,94,360005.63,SABD0001000008,AAV1.0.0.11,2.1.0.443,PSt7-10,171011-007,6/6/18 9:06,1443-01,0,no battery,V
8/13/18,10:55:06,7,default,178797683,O7,7.642,min,188.218,μmol/L,Humid,23.855,deg,148805,µV,19.527,°C,1016,hPa,39,pmil,0,55.49,deg,20,°C,100,%a.s.,22.05,deg,20,°C,976,hPa,0.861,-0.02617,0.00035,0,0,13.56,Humid,71.27,1,94,360002.69,SABD0001000008,AAV1.0.0.11,2.1.0.443,PSt7-10,171011-007,6/6/18 9:06,1443-01,0,no battery,V
8/13/18,10:55:07,7,default,178797683,O7,7.66,min,188.178,μmol/L,Humid,23.858,deg,148803,µV,19.526,°C,1016,hPa,39,pmil,0,55.49,deg,20,°C,100,%a.s.,22.05,deg,20,°C,976,hPa,0.861,-0.02617,0.00035,0,0,13.56,Humid,71.27,1,94,360003.06,SABD0001000008,AAV1.0.0.11,2.1.0.443,PSt7-10,171011-007,6/6/18 9:06,1443-01,0,no battery,V
8/13/18,10:55:08,7,default,178797683,O7,7.676,min,188.21,μmol/L,Humid,23.859,deg,148828,µV,19.517,°C,1016,hPa,39,pmil,0,55.49,deg,20,°C,100,%a.s.,22.05,deg,20,°C,976,hPa,0.861,-0.02617,0.00035,0,0,13.56,Humid,71.27,1,94,360000.93,SABD0001000008,AAV1.0.0.11,2.1.0.443,PSt7-10,171011-007,6/6/18 9:06,1443-01,0,no battery,V
8/13/18,10:55:09,7,default,178797683,O7,7.693,min,188.098,μmol/L,Humid,23.863,deg,148879,µV,19.526,°C,1016,hPa,39,pmil,0,55.49,deg,20,°C,100,%a.s.,22.05,deg,20,°C,976,hPa,0.861,-0.02617,0.00035,0,0,13.56,Humid,71.27,1,94,359978.05,SABD0001000008,AAV1.0.0.11,2.1.0.443,PSt7-10,171011-007,6/6/18 9:06,1443-01,0,no battery,V
8/13/18,10:55:10,7,default,178797683,O7,7.709,min,188.017,μmol/L,Humid,23.868,deg,148917,µV,19.526,°C,1016,hPa,39,pmil,0,55.49,deg,20,°C,100,%a.s.,22.05,deg,20,°C,976,hPa,0.861,-0.02617,0.00035,0,0,13.56,Humid,71.27,1,94,359995.63,SABD0001000008,AAV1.0.0.11,2.1.0.443,PSt7-10,171011-007,6/6/18 9:06,1443-01,0,no battery,V
8/13/18,10:55:11,7,default,178797683,O7,7.727,min,187.999,μmol/L,Humid,23.871,deg,148883,µV,19.521,°C,1016,hPa,39,pmil,0,55.49,deg,20,°C,100,%a.s.,22.05,deg,20,°C,976,hPa,0.861,-0.02617,0.00035,0,0,13.56,Humid,71.27,1,94,359990.78,SABD0001000008,AAV1.0.0.11,2.1.0.443,PSt7-10,171011-007,6/6/18 9:06,1443-01,0,no battery,V
8/13/18,10:55:12,7,default,178797683,O7,7.743,min,188.034,μmol/L,Humid,23.873,deg,148912,µV,19.509,°C,1016,hPa,39,pmil,0,55.49,deg,20,°C,100,%a.s.,22.05,deg,20,°C,976,hPa,0.861,-0.02617,0.00035,0,0,13.56,Humid,71.27,1,94,359973.65,SABD0001000008,AAV1.0.0.11,2.1.0.443,PSt7-10,171011-007,6/6/18 9:06,1443-01,0,no battery,V
8/13/18,10:55:13,7,default,178797683,O7,7.76,min,187.934,μmol/L,Humid,23.876,deg,148946,µV,19.519,°C,1016,hPa,39,pmil,0,55.49,deg,20,°C,100,%a.s.,22.05,deg,20,°C,976,hPa,0.861,-0.02617,0.00035,0,0,13.56,Humid,71.27,1,94,359972.64,SABD0001000008,AAV1.0.0.11,2.1.0.443,PSt7-10,171011-007,6/6/18 9:06,1443-01,0,no battery,V
8/13/18,10:55:14,7,default,178797683,O7,7.776,min,187.968,μmol/L,Humid,23.876,deg,148948,µV,19.512,°C,1016,hPa,39,pmil,0,55.49,deg,20,°C,100,%a.s.,22.05,deg,20,°C,976,hPa,0.861,-0.02617,0.00035,0,0,13.56,Humid,71.27,1,94,359968.55,SABD0001000008,AAV1.0.0.11,2.1.0.443,PSt7-10,171011-007,6/6/18 9:06,1443-01,0,no battery,V
8/13/18,10:55:15,7,default,178797683,O7,7.793,min,187.921,μmol/L,Humid,23.878,deg,148952,µV,19.515,°C,1016,hPa,39,pmil,0,55.49,deg,20,°C,100,%a.s.,22.05,deg,20,°C,976,hPa,0.861,-0.02617,0.00035,0,0,13.56,Humid,71.27,1,94,359971.75,SABD0001000008,AAV1.0.0.11,2.1.0.443,PSt7-10,171011-007,6/6/18 9:06,1443-01,0,no battery,V
8/13/18,10:55:16,7,default,178797683,O7,7.81,min,187.879,μmol/L,Humid,23.88,deg,148977,µV,19.517,°C,1016,hPa,39,pmil,0,55.49,deg,20,°C,100,%a.s.,22.05,deg,20,°C,976,hPa,0.861,-0.02617,0.00035,0,0,13.56,Humid,71.27,1,94,359944.45,SABD0001000008,AAV1.0.0.11,2.1.0.443,PSt7-10,171011-007,6/6/18 9:06,1443-01,0,no battery,V
8/13/18,10:55:17,7,default,178797683,O7,7.827,min,187.826,μmol/L,Humid,23.882,deg,149003,µV,19.521,°C,1016,hPa,39,pmil,0,55.49,deg,20,°C,100,%a.s.,22.05,deg,20,°C,976,hPa,0.861,-0.02617,0.00035,0,0,13.56,Humid,71.27,1,94,359936.59,SABD0001000008,AAV1.0.0.11,2.1.0.443,PSt7-10,171011-007,6/6/18 9:06,1443-01,0,no battery,V
8/13/18,10:55:18,7,default,178797683,O7,7.843,min,187.802,μmol/L,Humid,23.886,deg,149004,µV,19.514,°C,1016,hPa,39,pmil,0,55.49,deg,20,°C,100,%a.s.,22.05,deg,20,°C,976,hPa,0.861,-0.02617,0.00035,0,0,13.56,Humid,71.27,1,94,359945.68,SABD0001000008,AAV1.0.0.11,2.1.0.443,PSt7-10,171011-007,6/6/18 9:06,1443-01,0,no battery,V
8/13/18,10:55:19,7,default,178797683,O7,7.86,min,187.702,μmol/L,Humid,23.891,deg,149021,µV,19.518,°C,1016,hPa,39,pmil,0,55.49,deg,20,°C,100,%a.s.,22.05,deg,20,°C,976,hPa,0.861,-0.02617,0.00035,0,0,13.56,Humid,71.27,1,94,359931.72,SABD0001000008,AAV1.0.0.11,2.1.0.443,PSt7-10,171011-007,6/6/18 9:06,1443-01,0,no battery,V
8/13/18,10:55:20,7,default,178797683,O7,7.876,min,187.691,μmol/L,Humid,23.896,deg,149084,µV,19.506,°C,1016,hPa,39,pmil,0,55.49,deg,20,°C,100,%a.s.,22.05,deg,20,°C,976,hPa,0.861,-0.02617,0.00035,0,0,13.56,Humid,71.27,1,94,359936.82,SABD0001000008,AAV1.0.0.11,2.1.0.443,PSt7-10,171011-007,6/6/18 9:06,1443-01,0,no battery,V
8/13/18,10:55:21,7,default,178797683,O7,7.893,min,187.674,μmol/L,Humid,23.897,deg,149038,µV,19.506,°C,1016,hPa,39,pmil,0,55.49,deg,20,°C,100,%a.s.,22.05,deg,20,°C,976,hPa,0.861,-0.02617,0.00035,0,0,13.56,Humid,71.27,1,94,359916.34,SABD0001000008,AAV1.0.0.11,2.1.0.443,PSt7-10,171011-007,6/6/18 9:06,1443-01,0,no battery,V
8/13/18,10:55:22,7,default,178797683,O7,7.91,min,187.657,μmol/L,Humid,23.898,deg,149053,µV,19.506,°C,1016,hPa,39,pmil,0,55.49,deg,20,°C,100,%a.s.,22.05,deg,20,°C,976,hPa,0.861,-0.02617,0.00035,0,0,13.56,Humid,71.27,1,94,359929.83,SABD0001000008,AAV1.0.0.11,2.1.0.443,PSt7-10,171011-007,6/6/18 9:06,1443-01,0,no battery,V
8/13/18,10:55:23,7,default,178797683,O7,7.926,min,187.561,μmol/L,Humid,23.905,deg,149081,µV,19.504,°C,1016,hPa,39,pmil,0,55.49,deg,20,°C,100,%a.s.,22.05,deg,20,°C,976,hPa,0.861,-0.02617,0.00035,0,0,13.56,Humid,71.27,1,94,359914.36,SABD0001000008,AAV1.0.0.11,2.1.0.443,PSt7-10,171011-007,6/6/18 9:06,1443-01,0,no battery,V
8/13/18,10:55:24,7,default,178797683,O7,7.943,min,187.417,μmol/L,Humid,23.906,deg,149105,µV,19.528,°C,1016,hPa,39,pmil,0,55.49,deg,20,°C,100,%a.s.,22.05,deg,20,°C,976,hPa,0.861,-0.02617,0.00035,0,0,13.56,Humid,71.27,1,94,359904.99,SABD0001000008,AAV1.0.0.11,2.1.0.443,PSt7-10,171011-007,6/6/18 9:06,1443-01,0,no battery,V
8/13/18,10:55:25,7,default,178797683,O7,7.959,min,187.359,μmol/L,Humid,23.908,deg,149131,µV,19.533,°C,1016,hPa,39,pmil,0,55.49,deg,20,°C,100,%a.s.,22.05,deg,20,°C,976,hPa,0.861,-0.02617,0.00035,0,0,13.56,Humid,71.27,1,94,359904.05,SABD0001000008,AAV1.0.0.11,2.1.0.443,PSt7-10,171011-007,6/6/18 9:06,1443-01,0,no battery,V
8/13/18,10:55:26,7,default,178797683,O7,7.977,min,187.366,μmol/L,Humid,23.91,deg,149127,µV,19.526,°C,1016,hPa,39,pmil,0,55.49,deg,20,°C,100,%a.s.,22.05,deg,20,°C,976,hPa,0.861,-0.02617,0.00035,0,0,13.56,Humid,71.27,1,94,359908.15,SABD0001000008,AAV1.0.0.11,2.1.0.443,PSt7-10,171011-007,6/6/18 9:06,1443-01,0,no battery,V
8/13/18,10:55:27,7,default,178797683,O7,7.993,min,187.438,μmol/L,Humid,23.912,deg,149139,µV,19.507,°C,1016,hPa,39,pmil,0,55.49,deg,20,°C,100,%a.s.,22.05,deg,20,°C,976,hPa,0.861,-0.02617,0.00035,0,0,13.56,Humid,71.27,1,94,359909.25,SABD0001000008,AAV1.0.0.11,2.1.0.443,PSt7-10,171011-007,6/6/18 9:06,1443-01,0,no battery,V
8/13/18,10:55:28,7,default,178797683,O7,8.01,min,187.33,μmol/L,Humid,23.917,deg,149173,µV,19.512,°C,1016,hPa,39,pmil,0,55.49,deg,20,°C,100,%a.s.,22.05,deg,20,°C,976,hPa,0.861,-0.02617,0.00035,0,0,13.56,Humid,71.27,1,94,359902.22,SABD0001000008,AAV1.0.0.11,2.1.0.443,PSt7-10,171011-007,6/6/18 9:06,1443-01,0,no battery,V
,,,,,,,,,,,,,,,,,,,,,,,,,,,,,,,,,,,,,,,,,,,,,,,,,,,,,,
Date,Time,delta_t,Device_Serial,Channel,User,Annotation,,,,,,,,,,,,,,,,,,,,,,,,,,,,,,,,,,,,,,,,,,,,,,,,